bin_end,rows,step_min,step_max,code_accuracy,code_mean_absolute_bin_error,code_mean_squared_bin_error,code_off_by_one_accuracy,code_ordinal_loss,code_prediction_entropy,code_prediction_high_boundary_fraction,code_prediction_low_boundary_fraction,code_target_high_boundary_fraction,code_target_low_boundary_fraction,code_valid_count,committed_logical_index,cuda_peak_gib,diagnostic_old_behavioral,diagnostic_old_behavioral_direction,diagnostic_old_behavioral_operator,diagnostic_old_behavioral_operator_actual,diagnostic_old_behavioral_scale,diagnostic_old_direction_contrastive_diagonal_minus_hardest_negative_mean,diagnostic_old_direction_contrastive_diagonal_similarity_mean,diagnostic_old_direction_contrastive_eligible_fraction,diagnostic_old_direction_contrastive_eligible_samples,diagnostic_old_direction_contrastive_group_count,diagnostic_old_direction_contrastive_group_size_max,diagnostic_old_direction_contrastive_group_size_median,diagnostic_old_direction_contrastive_group_size_min,diagnostic_old_direction_contrastive_loss,diagnostic_old_direction_contrastive_offdiagonal_similarity_mean,diagnostic_old_direction_contrastive_top1_accuracy,diagnostic_old_latent_anticollapse_loss,diagnostic_old_latent_cross_active_fraction,diagnostic_old_latent_cross_std_median,diagnostic_old_latent_cross_std_min,diagnostic_old_latent_cross_std_p10,diagnostic_old_latent_interaction_rms_ratio,diagnostic_old_latent_rms,diagnostic_old_latent_within_active_fraction,diagnostic_old_latent_within_std_median,diagnostic_old_latent_within_std_min,diagnostic_old_latent_within_std_p10,diagnostic_old_legacy_task_loss,diagnostic_old_structural,diagnostic_old_structural_direction,diagnostic_old_structural_reconstruction,diagnostic_old_structural_relational,diagnostic_old_structural_scale,elapsed_seconds,gptq_tokenizer_seconds,grad_norm_pre_clip,hard_decode_raw_nrmse,learning_rate,loss,scale_accuracy,scale_mean_absolute_bin_error,scale_mean_squared_bin_error,scale_off_by_one_accuracy,scale_ordinal_loss,scale_prediction_entropy,scale_prediction_high_boundary_fraction,scale_prediction_low_boundary_fraction,scale_target_high_boundary_fraction,scale_target_low_boundary_fraction,scale_valid_count,step,steps_per_second,teacher_binned_scale_calibration_operator_metric,teacher_binned_scale_heldout_operator_metric,teacher_binned_scale_operator_metric,teacher_binned_scale_raw_nrmse,teacher_continuous_scale_calibration_operator_metric,teacher_continuous_scale_heldout_operator_metric,teacher_continuous_scale_operator_metric,teacher_continuous_scale_raw_nrmse,teacher_scale_binning_relative_error_p50,teacher_scale_binning_relative_error_p99,teacher_scale_log2_max,teacher_scale_log2_min,contrastive_chance_top1,contrastive_top1_advantage,latent_interaction_rms_estimate,scale_loss_fraction,operator_over_teacher_floor,behavioral_direction_alignment,structural_direction_alignment,local_steps_per_second,complete
1000,101,1,1000,0.16990680992603302,1.9402449131011963,6.267612934112549,0.47327184677124023,0.08274680376052856,0.7344208359718323,0.0,0.0,0.0078092594631016254,0.006231839302927256,1.0,16000.0,13.843119144439697,14.838991165161133,0.9811323881149292,0.0,0.02698066085577011,1.3864014148712158,-1.1731109225365799e-05,0.00390407326631248,0.65625,21.0,8.0,4.0,2.0,2.0,0.8773645758628845,0.0013426922960206866,0.42105263471603394,0.06329812109470367,1.0,0.03684498742222786,0.03375576436519623,0.03479127585887909,0.03709814324975014,1.5918362140655518,1.0,0.03528307378292084,0.025890778750181198,0.02794271521270275,29.124710083007812,14.182257652282715,0.9664095044136047,0.0,0.0,1.3206841945648193,396.1419319449924,0.021428820677101612,0.01462146732956171,1.0013549327850342,5e-05,0.08556883037090302,0.0613839291036129,6.064316749572754,73.25564575195312,0.1837349385023117,0.0029953180346637964,0.1896195262670517,0.0,0.0,0.0,0.0,1.0,500.0,1.1122782660359534,0.0011521977139636874,0.0014024856500327587,0.001285475678741932,0.1624990999698639,0.0011080647818744183,0.0013643107376992702,0.0012407999020069838,0.16226884722709656,0.008156132884323597,0.016145464032888412,-3.154658794403076,-9.48928451538086,0.391304347826087,0.037037032621878185,0.05912697016115587,0.03502736385543552,21.853600522615984,0.0188676118850708,0.033590495586395264,1.8437106853001621,True
2000,100,1010,2000,0.17070703953504562,1.9405556321144104,6.273641347885132,0.4732183516025543,0.0826876275241375,0.7333055436611176,0.0,0.0,0.007928302977234125,0.006264117080718279,1.0,48160.0,13.846033573150635,14.563671112060547,0.9668681621551514,0.0,0.027605262584984303,1.359897255897522,0.004542919108644128,0.012803759425878525,0.65625,21.0,8.0,4.0,2.0,2.0,0.8535594046115875,0.0019781803712248802,0.47999998927116394,0.03788513317704201,1.0,0.06114283204078674,0.05015673115849495,0.05293392762541771,0.06319557875394821,1.5806918740272522,1.0,0.05848751775920391,0.040988389402627945,0.047806503251194954,28.104336738586426,13.662261486053467,0.9602356851100922,0.0,0.0,1.2713335752487183,1327.4207660066895,0.021573267644271255,0.010508233681321144,1.0009827613830566,5e-05,0.08528261631727219,0.06286337226629257,5.9385902881622314,68.300048828125,0.19094447046518326,0.002701090299524367,0.19100750237703323,0.0,0.0,0.0,0.0,1.0,1505.0,1.125481645793935,0.0011424280819483101,0.0014119650004431605,0.0012883011950179935,0.162599578499794,0.0010884608491323888,0.001360459194984287,0.00123250437900424,0.1622898355126381,0.008161786943674088,0.016141101717948914,-3.165600895881653,-9.524536609649658,0.391304347826087,0.09761906181062971,0.09986527135059609,0.031833706326666864,22.518485368558387,0.03313183784484863,0.03976431488990784,1.8314190428116994,True
3000,100,2010,3000,0.1702619269490242,1.9357647895812988,6.248217821121216,0.4739644378423691,0.0823592022061348,0.732769250869751,0.0,0.0,0.007861151359975338,0.006257425295189023,1.0,80160.0,13.846033573150635,13.87387228012085,0.9603646695613861,0.0,0.027337128296494484,1.2913172245025635,0.01263854606077075,0.023517814464867115,0.65625,21.0,8.0,4.0,2.0,2.0,0.7966547608375549,0.001904534234199673,0.5555555820465088,0.0009213623707182705,0.1875,0.14158491790294647,0.08415790647268295,0.09353181347250938,0.1593586429953575,1.5618557333946228,0.03125,0.15575436502695084,0.09987473860383034,0.12702757865190506,26.62327480316162,12.941803932189941,0.954254686832428,0.0,0.0,1.19921875,1992.136285580229,0.02143367100507021,0.007364068413153291,1.0007820129394531,5e-05,0.08512803912162781,0.06548410654067993,5.828794956207275,65.0090217590332,0.19182566553354263,0.0026207396294921637,0.18895266950130463,0.0,0.0,0.0,0.0,1.0,2505.0,1.2574430888971815,0.0011450485326349735,0.0013941442593932152,0.001278038660530001,0.16203346103429794,0.0011024627601727843,0.0013523377128876746,0.0012382377171888947,0.16174419969320297,0.008138424251228571,0.016139423474669456,-3.131572723388672,-9.522583484649658,0.391304347826087,0.15000000596046448,0.24910883829232056,0.031104918778682714,22.33122189171486,0.03963533043861389,0.04574531316757202,1.9279606331096915,True
4000,100,3010,4000,0.17031998932361603,1.9388301372528076,6.259205341339111,0.4738907665014267,0.08234256878495216,0.7328261733055115,0.0,0.0,0.007865232415497303,0.00623271195217967,1.0,112160.0,13.846033573150635,12.661468982696533,0.9505806267261505,0.0,0.026580264791846275,1.1711367964744568,0.022274373099207878,0.03199179284274578,0.65625,21.0,8.0,4.0,2.0,2.0,0.7592287063598633,0.004600924672558904,0.6150793731212616,0.0,0.0,0.22572682052850723,0.13065990060567856,0.14595815539360046,0.2617845982313156,1.5032770037651062,0.0,0.25106362998485565,0.1682000830769539,0.20182117819786072,24.41217803955078,12.01927137374878,0.9466040730476379,0.0,0.0,1.1069068908691406,2752.644055582583,0.021543329814448953,0.005624005803838372,1.0007357001304626,5e-05,0.08497372269630432,0.06661443412303925,5.7930943965911865,67.44855880737305,0.1942661851644516,0.002576458966359496,0.21051562577486038,0.0,0.0,0.0,0.0,1.0,3505.0,1.3115036819907981,0.0011415010667406023,0.0013948697596788406,0.0012753267074003816,0.16296042501926422,0.0010877634049393237,0.0013494735467247665,0.0012275231420062482,0.1626230776309967,0.008170090615749359,0.016140169464051723,-3.1461397409439087,-9.514709949493408,0.3956521739130435,0.2222222155994839,0.39110867943629835,0.030466714240846036,21.743787612987376,0.04941937327384949,0.05339592695236206,1.846848487702769,True
5000,100,4010,5000,0.1692282035946846,1.9454037547111511,6.28714394569397,0.47147679328918457,0.08271800726652145,0.7329389154911041,0.0,0.0,0.0077600376680493355,0.006198644870892167,1.0,144160.0,13.846033573150635,12.379549026489258,0.9493285417556763,0.0,0.026572921313345432,1.1425653100013733,0.0212236475199461,0.031027410179376602,0.65625,21.0,8.0,4.0,2.0,2.0,0.7692524790763855,0.0032112596090883017,0.6111111044883728,0.0,0.0,0.29026658833026886,0.15358418971300125,0.17044417560100555,0.31896327435970306,1.5322778820991516,0.0,0.28308553993701935,0.1906208172440529,0.22823551297187805,24.346269607543945,11.965755462646484,0.9471597969532013,0.0,0.0,1.1037954092025757,3319.8200774225406,0.02203271444886923,0.005766336806118488,1.0008043050765991,5e-05,0.08487202972173691,0.06656226143240929,5.546143531799316,60.45509910583496,0.19746564328670502,0.0023539484245702624,0.21393102407455444,0.0,0.0,0.0,0.0,1.0,4505.0,1.3570008747031594,0.0010704939486458898,0.001391666301060468,0.0012506344355642796,0.16304467618465424,0.0010426881490275264,0.0013606047723442316,0.001217210665345192,0.16269748657941818,0.008145684376358986,0.01614597998559475,-3.1514852046966553,-9.57312822341919,0.4,0.22727272456342523,0.48690091025945037,0.027636083575031813,22.07461374070813,0.05067145824432373,0.052840203046798706,1.8941873207374065,True
6000,100,5010,6000,0.16828062385320663,1.948274314403534,6.292223930358887,0.470175102353096,0.0827595442533493,0.7328015565872192,0.0,0.0,0.007759063737466931,0.006185726262629032,1.0,176160.0,13.846033573150635,12.632341384887695,0.9499916136264801,0.0,0.026681749150156975,1.168186068534851,0.021432521753013134,0.03148403763771057,0.65625,21.0,8.0,4.0,2.0,2.0,0.7892144918441772,0.002504406962543726,0.6043478548526764,0.0,0.0,0.3227790892124176,0.17546412348747253,0.19712337106466293,0.3501554876565933,1.566953957080841,0.0,0.30329857766628265,0.21993138641119003,0.23834997415542603,24.84446144104004,12.189271926879883,0.9472077190876007,0.0,0.0,1.1248599886894226,4953.083774659084,0.02199753886088729,0.0050810344982892275,1.0008181929588318,5e-05,0.0848601795732975,0.06853624060750008,5.472029209136963,57.47645568847656,0.20101208239793777,0.002205445314757526,0.2179429605603218,0.0,0.0,0.0,0.0,1.0,5505.0,1.143776160844817,0.0010446908418089151,0.00137656694278121,0.0012225053505972028,0.16284723579883575,0.0010141030652448535,0.001354552572593093,0.0011955612571910024,0.16259172558784485,0.008108857553452253,0.016140351071953773,-3.0740890502929688,-9.604897022247314,0.391304347826087,0.2173913380374079,0.5479466276755218,0.02568461834144651,21.911794803260182,0.0500083863735199,0.05279228091239929,1.7804290316456468,True
7000,100,6010,7000,0.16894879192113876,1.9437599182128906,6.288961887359619,0.47218453884124756,0.0826343335211277,0.732673168182373,0.0,0.0,0.007713856874033809,0.006190380081534386,1.0,208160.0,13.846033573150635,12.53207778930664,0.9448102116584778,0.0,0.02638739626854658,1.158854901790619,0.02170096244663,0.030654361471533775,0.65625,21.0,8.0,4.0,2.0,2.0,0.7835635542869568,0.00413417792879045,0.6111111044883728,0.0,0.0,0.3469727486371994,0.1928776130080223,0.2112261801958084,0.3746172934770584,1.6130487322807312,0.0,0.3328532576560974,0.23018688708543777,0.25997769832611084,24.66808319091797,12.277517318725586,0.9495025873184204,0.0,0.0,1.1333969831466675,5499.4146691442,0.021813513478264213,0.005019725300371647,1.0007709860801697,5e-05,0.08472255244851112,0.06736651808023453,5.461322784423828,56.939653396606445,0.19938422739505768,0.0021925244946032763,0.21909965574741364,0.0,0.0,0.0,0.0,1.0,6505.0,1.1828529843995115,0.0010473886504769325,0.0013880460755899549,0.0012324269628152251,0.16382360458374023,0.0010169072775170207,0.0013560372171923518,0.0012021924485452473,0.16350652277469635,0.008136449381709099,0.01614539884030819,-3.1410648822784424,-9.54365348815918,0.3888888888888889,0.21739132767138275,0.6063544649118526,0.02548195477216117,22.0390328290404,0.05518978834152222,0.05049741268157959,1.8894088999374896,True
8000,100,7010,8000,0.1685633286833763,1.9474555850028992,6.288954973220825,0.4701308459043503,0.08269678801298141,0.7337435185909271,0.0,0.0,0.007760949432849884,0.006145875668153167,1.0,240160.0,13.846033573150635,12.067652225494385,0.9361765384674072,0.0,0.0258763637393713,1.1121973991394043,0.024071981199085712,0.032432468608021736,0.65625,21.0,8.0,4.0,2.0,2.0,0.7852047979831696,0.0032957353396341205,0.6220238208770752,0.0,0.0,0.3192949891090393,0.18770680576562881,0.21428107470273972,0.35648348927497864,1.6528044939041138,0.0,0.3140684515237808,0.20211879163980484,0.22833094745874405,24.08955955505371,12.147458553314209,0.9437524676322937,0.0,0.0,1.1211899518966675,6049.98351804656,0.021304270951077342,0.004643720341846347,1.00048828125,5e-05,0.0846656784415245,0.06892720237374306,5.433125972747803,57.605777740478516,0.2026209682226181,0.002176459413021803,0.22100763767957687,0.0,0.0,0.0,0.0,1.0,7505.0,1.2404991220051687,0.00104195048334077,0.001382226007990539,0.0012262166710570455,0.16251128166913986,0.0010090676369145513,0.0013535009929910302,0.0011956178932450712,0.1622367724776268,0.0081224893219769,0.016137401573359966,-3.1900402307510376,-9.534703731536865,0.3888888888888889,0.24404763040088473,0.5864652230865879,0.02548554633785064,22.29095471874712,0.06382346153259277,0.0562475323677063,1.9071173910989625,True
9000,100,8010,9000,0.17001808434724808,1.938220202922821,6.259126901626587,0.47352614998817444,0.08230676874518394,0.7327592670917511,0.0,0.0,0.00788211589679122,0.006140494020655751,1.0,272160.0,13.846033573150635,11.538822650909424,0.9260510504245758,0.0,0.02544388175010681,1.060040533542633,0.02802765741944313,0.038793688639998436,0.65625,21.0,8.0,4.0,2.0,2.0,0.7460138499736786,0.0043947838712483644,0.6315789222717285,0.0,0.0,0.3250376731157303,0.20230107754468918,0.22200725972652435,0.36751246452331543,1.6942166090011597,0.0,0.3307763338088989,0.2155361995100975,0.23707985132932663,23.336261749267578,11.826503276824951,0.9392837285995483,0.0,0.0,1.087207555770874,6616.736770102056,0.021837056847289205,0.005043810466304421,1.0001301169395447,5e-05,0.08464913442730904,0.06689202412962914,5.620150804519653,60.38459777832031,0.19797328114509583,0.0023279307642951608,0.23408667743206024,0.0,0.0,0.0,0.0,1.0,8505.0,1.2853767313047952,0.0010845246724784374,0.001381299109198153,0.0012384243309497833,0.1631489023566246,0.0010515259928070009,0.0013563079410232604,0.001209757407195866,0.16284382343292236,0.008165749255567789,0.016143460758030415,-3.070770740509033,-9.558538436889648,0.4,0.2272727381099354,0.6244153690033265,0.027255619483842107,21.52718100403746,0.0739489495754242,0.06071627140045166,1.9028585095586186,True
10000,100,9010,10000,0.1705496981739998,1.9320430159568787,6.218514919281006,0.47535598278045654,0.08190742135047913,0.7323480248451233,0.0,0.0,0.007978979963809252,0.006048773415386677,1.0,304160.0,13.846033573150635,10.682518005371094,0.9030368030071259,0.0,0.025718658231198788,0.9809652268886566,0.03817050717771053,0.047630202025175095,0.65625,21.0,9.0,4.0,2.0,2.0,0.6993153989315033,0.004901032894849777,0.6818181872367859,0.0,0.0,0.36924001574516296,0.25133444368839264,0.2724876403808594,0.4073760211467743,1.7767253518104553,0.0,0.3713721036911011,0.25297811627388,0.2742346078157425,22.69127655029297,11.848065376281738,0.9338993430137634,0.0,0.0,1.0918947458267212,7167.521544571035,0.021569190081208944,0.0055603208020329475,0.9988211691379547,5e-05,0.0843021459877491,0.06561010703444481,5.67649245262146,61.185903549194336,0.19419588893651962,0.002351114759221673,0.260198712348938,0.0,0.0,0.0,0.0,1.0,9505.0,1.3261207976516247,0.0010782601311802864,0.0013698175316676497,0.0012346915900707245,0.16285685449838638,0.00104537105653435,0.0013486408279277384,0.0012044610921293497,0.16256596148014069,0.008144581224769354,0.016141269356012344,-3.2070246934890747,-9.634093761444092,0.4090909090909091,0.2727272700179707,0.7236269778321969,0.027957769770818937,21.002686341820606,0.09696319699287415,0.06610065698623657,1.9101349619713632,True
11000,100,10010,11000,0.17110902816057205,1.932876467704773,6.227115154266357,0.4748004525899887,0.0819733701646328,0.7318920791149139,0.0,0.0,0.007933987770229578,0.006071797804906964,1.0,336160.0,13.846033573150635,10.540366649627686,0.8980725705623627,0.0,0.025924800895154476,0.9642874896526337,0.041008347645401955,0.05494293384253979,0.625,20.0,8.0,4.0,2.0,2.0,0.7083066403865814,0.005869910819455981,0.6666666865348816,0.0,0.0,0.378784641623497,0.27495458722114563,0.30551858246326447,0.4241282641887665,1.8292337656021118,0.0,0.3781996965408325,0.25394873321056366,0.2797241508960724,22.45122718811035,11.927464962005615,0.9324811697006226,0.0,0.0,1.0996127128601074,7716.118162743049,0.021517697954550385,0.005310578970238566,0.9968030750751495,5e-05,0.08426722884178162,0.06629366055130959,5.6104652881622314,60.77619934082031,0.19659335166215897,0.002285547903738916,0.26936230063438416,0.0,0.0,0.0,0.0,1.0,10505.0,1.3614357973388131,0.0010883212671615183,0.0013751682126894593,0.0012372640776447952,0.16264306753873825,0.0010554175241850317,0.0013451231643557549,0.001209165493492037,0.1623682677745819,0.008117679040879011,0.016143145971000195,-3.086214065551758,-9.530494689941406,0.4117647058823529,0.23809525796345304,0.7728057861478597,0.02725704407937335,20.96069277071679,0.10192742943763733,0.06751883029937744,1.8724872856544208,True
12000,100,11010,12000,0.17042697966098785,1.9311063885688782,6.213200330734253,0.47534872591495514,0.08180831745266914,0.7318049967288971,0.0,0.0,0.007962153293192387,0.006033738376572728,1.0,368160.0,13.846033573150635,10.370633602142334,0.8965815603733063,0.0,0.02542456705123186,0.9469623565673828,0.046205174177885056,0.04999453201889992,0.640625,20.5,8.0,4.0,2.0,2.0,0.7171435654163361,0.004946644185110927,0.6470588445663452,0.0,0.0,0.39259594678878784,0.2785349190235138,0.3153024911880493,0.4420067369937897,1.867173433303833,0.0,0.38070540130138397,0.24493060261011124,0.2676117569208145,22.49333381652832,11.972615242004395,0.9306563436985016,0.0,0.0,1.1061010360717773,8268.689940715209,0.021841855254024267,0.0053215669468045235,0.99566251039505,5e-05,0.0842832662165165,0.06725543737411499,5.572922229766846,59.28693771362305,0.1976902186870575,0.0022662736009806395,0.2951189875602722,0.0,0.0,0.0,0.0,1.0,11505.0,1.3913932688503692,0.0010755156981758773,0.0013666379963979125,0.0012340498506091535,0.1628986969590187,0.0010431950213387609,0.0013400870957411826,0.0012051920057274401,0.16268055886030197,0.008136771153658628,0.016133829951286316,-3.1559503078460693,-9.458850383758545,0.4090909090909091,0.22902100444673656,0.8216922395372421,0.027126933316188415,20.857083538417626,0.10341843962669373,0.06934365630149841,1.903978419846228,True
13000,100,12010,13000,0.17121729254722595,1.9298793077468872,6.212976932525635,0.47606222331523895,0.08173956349492073,0.7312786877155304,0.0,0.0,0.00790376728400588,0.006085306406021118,1.0,400160.0,13.846033573150635,10.457844734191895,0.900549441576004,0.0,0.025257332250475883,0.9567164182662964,0.04115353338420391,0.053645117208361626,0.640625,20.5,8.0,4.0,2.0,2.0,0.7211476266384125,0.004052182426676154,0.6315789222717285,0.0,0.0,0.39112770557403564,0.3069754093885422,0.3291979134082794,0.44354236125946045,1.890008807182312,0.0,0.3791508972644806,0.23967833817005157,0.26705361902713776,22.639816284179688,12.261552333831787,0.9314424097537994,0.0,0.0,1.1335197687149048,8820.222357908497,0.021676380652934313,0.005193210206925869,0.9945794939994812,5e-05,0.08405819535255432,0.06853693723678589,5.511182546615601,58.93434143066406,0.20268410444259644,0.0022437272127717733,0.32403314113616943,0.0,0.0,0.0,0.0,1.0,12505.0,1.4177646754742572,0.0010845891665667295,0.001378724817186594,0.001245823863428086,0.1629369854927063,0.001052744162734598,0.001352424907963723,0.0012163171195425093,0.16269215196371078,0.008130908012390137,0.016140833497047424,-3.1418386697769165,-9.472105979919434,0.4,0.24404763040088473,0.8420024013039473,0.026695186051895345,20.816223702530888,0.09945055842399597,0.06855759024620056,1.915517800573641,True
14000,100,13010,14000,0.16963506489992142,1.93631112575531,6.227541208267212,0.4735420197248459,0.0817769467830658,0.7320906221866608,0.0,0.0,0.007938971277326345,0.006192038767039776,1.0,432160.0,13.846033573150635,8.993097305297852,0.874761164188385,0.0,0.023720640689134598,0.8218500316143036,0.04042818769812584,0.0535080973058939,0.65625,21.0,8.0,4.0,2.0,2.0,0.7048971354961395,0.004750807536765933,0.6842105388641357,0.0,0.0,0.416048526763916,0.33232446014881134,0.3625921607017517,0.4641333669424057,1.9546698927879333,0.0,0.3912500888109207,0.24424144625663757,0.2698019742965698,20.742353439331055,11.737504005432129,0.9232793748378754,0.0,0.0,1.0795790553092957,9367.193516495405,0.021512168692424893,0.006447587162256241,0.9887494742870331,5e-05,0.08386867865920067,0.07027382403612137,5.193987131118774,53.63223838806152,0.20962078869342804,0.002034102799370885,0.3243243545293808,0.0,0.0,0.0,0.0,1.0,13505.0,1.44173381355619,0.0010911592398770154,0.0014285463257692754,0.0012805226142518222,0.16356299817562103,0.0010502577642910182,0.0013951229630038142,0.001241759688127786,0.1632499247789383,0.008121140766888857,0.016143708489835262,-3.094733953475952,-9.501883029937744,0.391304347826087,0.2970588263343362,0.9014955106081501,0.024169901762229315,20.31699924435327,0.125238835811615,0.07672062516212463,1.896081147795654,True
15000,100,14010,15000,0.16974782198667526,1.92983078956604,6.16902756690979,0.474067285656929,0.08100864291191101,0.7303798496723175,0.0,0.0,0.00795910507440567,0.006216864567250013,1.0,464160.0,13.846033573150635,8.468672275543213,0.8392458260059357,0.0,0.023743750527501106,0.7694762647151947,0.07473902031779289,0.0855192169547081,0.65625,21.0,8.0,4.0,2.0,2.0,0.673517644405365,0.0063371502328664064,0.7211110889911652,0.0,0.0,0.4685407429933548,0.37196484208106995,0.404641330242157,0.5025543570518494,2.0581698417663574,0.0,0.4433378726243973,0.2778487503528595,0.3028722405433655,19.511383056640625,11.123809814453125,0.9002892076969147,0.0,0.0,1.0243109464645386,9912.26268429961,0.021645248867571354,0.00856109894812107,0.9840821921825409,5e-05,0.08318974822759628,0.07313111051917076,5.030321836471558,49.56960105895996,0.21570470184087753,0.001864758029114455,0.32612891495227814,0.0,0.0,0.0,0.0,1.0,14505.0,1.4633389181885454,0.0010711345239542425,0.001421070657670498,0.0012640223139896989,0.16277199983596802,0.001039059308823198,0.0013957187766209245,0.001234168594237417,0.16250473260879517,0.008130015339702368,0.016141589730978012,-3.147813558578491,-9.57241678237915,0.4,0.31818183172832837,1.0306742783697658,0.02235794194438778,19.32898098499436,0.16075417399406433,0.09971079230308533,1.8764474882442599,True
16000,100,15010,16000,0.17023136466741562,1.9254844188690186,6.166345119476318,0.4746427685022354,0.0810064934194088,0.7291946411132812,0.0,0.0,0.007974532898515463,0.0061956592835485935,1.0,496160.0,13.846033573150635,8.769605159759521,0.8252633512020111,0.0,0.02274262998253107,0.7900243103504181,0.0794370286166668,0.09132369607686996,0.65625,21.0,8.0,4.0,2.0,2.0,0.6546512842178345,0.00570573890581727,0.699999988079071,0.0,0.0,0.4862397760152817,0.3951948434114456,0.4268304109573364,0.5161994695663452,2.1328240633010864,0.0,0.4571564346551895,0.27880558371543884,0.3112330883741379,19.940462112426758,11.088129043579102,0.903626948595047,0.0,0.0,1.0201891660690308,10462.40429929411,0.021497606998309493,0.009163731709122658,0.9837590456008911,5e-05,0.08283137530088425,0.07357356697320938,5.0720765590667725,49.42193031311035,0.21596534550189972,0.0018999018939211965,0.3256140798330307,0.0,0.0,0.0,0.0,1.0,15505.0,1.4819729042670868,0.0010727058979682624,0.0014148014597594738,0.0012550269602797925,0.16315507143735886,0.001041185634676367,0.0013926102546975017,0.0012327132280915976,0.16283197700977325,0.008156205993145704,0.016140392050147057,-3.198618531227112,-9.588617324829102,0.391304347826087,0.3157894564302344,1.1025302809633786,0.023166929438436137,19.060543601843552,0.1747366487979889,0.096373051404953,1.9124381060088398,True
17000,100,16010,17000,0.17056724429130554,1.9228267073631287,6.152647972106934,0.4754209369421005,0.08072306960821152,0.729420393705368,0.0,0.0,0.0078751714900136,0.006161737954244018,1.0,528160.0,13.846033573150635,8.774075508117676,0.8181716799736023,0.0,0.023579303175210953,0.7954344153404236,0.08242331817746162,0.09332967177033424,0.65625,21.0,8.0,4.0,2.0,2.0,0.631474643945694,0.0054643654730170965,0.699999988079071,0.0,0.0,0.4919426739215851,0.39438630640506744,0.42179737985134125,0.52044478058815,2.1622109413146973,0.0,0.4580256789922714,0.2815273553133011,0.3118116706609726,19.89438533782959,11.271601676940918,0.894975870847702,0.0,0.0,1.039672076702118,11017.358404300176,0.021293333964422345,0.009315465111285448,0.9790055453777313,5e-05,0.08259502053260803,0.07462149858474731,5.019245386123657,48.60095024108887,0.22089160233736038,0.0018766216235235333,0.32518285512924194,0.0,0.0,0.0,0.0,1.0,16505.0,1.498124151306631,0.00110796676017344,0.0014588990015909076,0.0012982261250726879,0.16301238536834717,0.0010777423158288002,0.0014350352576002479,0.001261209836229682,0.16275468468666077,0.00812462205067277,0.016143321990966797,-3.1616451740264893,-9.703492164611816,0.4,0.2916666865348816,1.1232972177406637,0.022603789996509013,18.833655201280244,0.1818283200263977,0.10502412915229797,1.9126135578137973,True
18000,100,17010,18000,0.16980943828821182,1.9198086261749268,6.106584310531616,0.47489693760871887,0.080115906894207,0.7273166477680206,3.193147676938679e-06,0.0,0.007845891639590263,0.006256721913814545,1.0,560160.0,13.846033573150635,7.6682915687561035,0.7475710809230804,0.0,0.023089648224413395,0.6981504857540131,0.13892807066440582,0.15729424357414246,0.65625,21.0,8.0,4.0,2.0,2.0,0.5513706803321838,0.005905303405597806,0.7633053362369537,0.0,0.0,0.4984239935874939,0.41591136157512665,0.44047506153583527,0.5315521955490112,2.221964120864868,0.0,0.4677454084157944,0.3002063035964966,0.33045972883701324,17.42411518096924,9.8758864402771,0.8498196601867676,0.0,0.0,0.9049926996231079,11565.52805396216,0.021298110485076904,0.012914440594613552,0.9476402401924133,5e-05,0.0816630907356739,0.07794331386685371,4.610037803649902,41.40944862365723,0.23324894160032272,0.0015903408639132977,0.3247299939393997,0.0,0.0,0.0,0.0,1.0,17505.0,1.513549544789365,0.0012266132980585098,0.00151518959319219,0.0013678868999704719,0.16219403594732285,0.0011760988854803145,0.001492082723416388,0.0013387749204412103,0.1619586944580078,0.008199605625122786,0.01613493449985981,-2.8048746585845947,-9.926436424255371,0.3920807453416149,0.3636363853107799,1.1821422934348647,0.019462313576984667,17.84436590502471,0.25242891907691956,0.15018033981323242,1.940466897340488,True
19000,100,18010,19000,0.17075808346271515,1.9144492745399475,6.073827266693115,0.4763282835483551,0.07952027022838593,0.725776195526123,5.9398653320386074e-06,0.0,0.0077679802197963,0.006212345557287335,1.0,592160.0,13.846033573150635,6.923877954483032,0.7122060060501099,0.0,0.02290766779333353,0.6261222958564758,0.145491324365139,0.16212838143110275,0.65625,21.0,8.0,4.0,2.0,2.0,0.5357412397861481,0.004865935072302818,0.7801932394504547,0.0,0.0,0.5091437697410583,0.42298345267772675,0.4450514316558838,0.5363720953464508,2.2837380170822144,0.0,0.48276540637016296,0.3175409585237503,0.3464427590370178,16.147475242614746,9.31296157836914,0.8365094661712646,0.0,0.0,0.8498160243034363,12107.264577820664,0.021546932170167565,0.01536932634189725,0.9395393133163452,5e-05,0.08106107637286186,0.07935455441474915,4.524894952774048,39.47819709777832,0.2367628738284111,0.0015152748674154282,0.3275575190782547,0.0,0.0,0.0,0.0,1.0,18505.0,1.5284243584470958,0.0012119155144318938,0.0015133447013795376,0.0013718610862269998,0.16122211515903473,0.001171222364064306,0.0014887350844219327,0.0013397178263403475,0.16089119762182236,0.008144557010382414,0.016143162734806538,-2.7936244010925293,-9.93663215637207,0.38278388278388276,0.4090909551490437,1.2234783901352841,0.018486496197829643,17.502687416323113,0.28779399394989014,0.16349053382873535,1.8707720482864445,True
20000,100,19010,20000,0.17048203945159912,1.9151222109794617,6.071927309036255,0.47635790705680847,0.07947681099176407,0.7272722721099854,1.285298367292853e-05,0.0,0.007754236226901412,0.006233391351997852,1.0,624160.0,13.846033573150635,7.214125871658325,0.7489821910858154,0.0,0.022911136969923973,0.6588971614837646,0.1407821774482727,0.15049678087234497,0.640625,20.5,8.0,4.0,2.0,2.0,0.5621994137763977,0.00443791993893683,0.7673160433769226,0.0,0.0,0.5213146507740021,0.4227069020271301,0.4479335993528366,0.5416814982891083,2.3027427196502686,0.0,0.4909190684556961,0.30800551176071167,0.3423313796520233,16.656498908996582,9.281044006347656,0.8404823243618011,0.0,0.0,0.842111349105835,12652.640800278168,0.021626831963658333,0.016214335337281227,0.9434855282306671,5e-05,0.08135896548628807,0.07768403738737106,4.61994481086731,40.66995429992676,0.23044729232788086,0.0015661090146750212,0.33521199226379395,0.0,0.0,0.0,0.0,1.0,19505.0,1.5415754001003816,0.0012317165383137763,0.0015220780042000115,0.001379047054797411,0.16199275851249695,0.001179186801891774,0.0014863269752822816,0.0013437778106890619,0.1616804450750351,0.008151151705533266,0.01614744123071432,-2.762722969055176,-9.926126956939697,0.38675213675213677,0.3849206368128459,1.2439784118108292,0.019004328572200923,17.917787250611575,0.25101780891418457,0.15951767563819885,1.8982530358043577,True
21000,100,20010,21000,0.17077627778053284,1.913108468055725,6.068382978439331,0.4771927744150162,0.07945506647229195,0.7270426750183105,3.028867649845779e-05,0.0,0.007782352156937122,0.006269971141591668,1.0,656160.0,13.846033573150635,8.156981468200684,0.7466824054718018,0.0,0.022492067888379097,0.7413663268089294,0.14032220840454102,0.15536321699619293,0.640625,20.5,8.0,4.0,2.0,2.0,0.5929449200630188,0.005212428979575634,0.75,0.0,0.0,0.5216353535652161,0.42664769291877747,0.4511483758687973,0.5419812500476837,2.3096065521240234,0.0,0.485895574092865,0.3072691559791565,0.3371777981519699,17.961960792541504,9.9082612991333,0.8418814241886139,0.0,0.0,0.9055997431278229,13222.198375036474,0.021346078487113118,0.013436970766633749,0.9336664378643036,5e-05,0.08104605972766876,0.07777777686715126,4.651901721954346,40.90188980102539,0.22852471470832825,0.0015890939976088703,0.33830520510673523,0.0,0.0,0.0,0.0,1.0,20505.0,1.550801100666824,0.0012177886092104018,0.0015125576173886657,0.0013701030402444303,0.1617690473794937,0.0011796557228080928,0.0014839687501080334,0.0013339438592083752,0.16148200631141663,0.008168152067810297,0.01614218670874834,-2.794690251350403,-9.938476085662842,0.3849206349206349,0.3642105361662413,1.2494477367150978,0.019414278033745982,17.867829108145045,0.25331759452819824,0.1581185758113861,1.9137215799866851,True
22000,100,21010,22000,0.17304687201976776,1.8978166580200195,6.01305627822876,0.4823589622974396,0.07901088520884514,0.7258372902870178,8.223670010920614e-05,2.9567590900114737e-06,0.007928998675197363,0.006335551152005792,1.0,688160.0,13.846033573150635,7.843941688537598,0.7234450578689575,0.0,0.022075318731367588,0.7063328921794891,0.15949617326259613,0.17163127660751343,0.65625,21.0,8.0,4.0,2.0,2.0,0.5754324793815613,0.005446086870506406,0.764615386724472,0.0,0.0,0.5243736803531647,0.4273126423358917,0.4569219499826431,0.5407370626926422,2.343940258026123,0.0,0.5097128450870514,0.3171466588973999,0.3450624495744705,17.167717933654785,9.426315307617188,0.813370943069458,0.0,0.0,0.8610846698284149,13791.570046759443,0.021622000029310584,0.015400013886392117,0.9529658555984497,5e-05,0.08047975599765778,0.07766959071159363,4.656569004058838,41.74875259399414,0.23000174015760422,0.0016021390911191702,0.3435930609703064,0.0,0.0,0.0,0.0,1.0,21505.0,1.5592858421157647,0.0011834528995677829,0.0014818942290730774,0.0013425683719106019,0.16210146248340607,0.0011429678997956216,0.0014514981885440648,0.0013111355947330594,0.16175562888383865,0.008181522134691477,0.016139641404151917,-3.1079119443893433,-9.443876266479492,0.38461538461538464,0.38278389817629105,1.2670116217317613,0.020086935416202552,17.382831297094533,0.2765549421310425,0.186629056930542,1.904884358743154,True
23000,100,22010,23000,0.17432604730129242,1.8890763521194458,5.963447570800781,0.4847460091114044,0.07791415229439735,0.721948117017746,0.0002284513393533416,6.1180037391750375e-06,0.007981611415743828,0.006301757181063294,1.0,720160.0,13.846033573150635,7.2577900886535645,0.694306880235672,0.0,0.02092679776251316,0.6549269556999207,0.20412886887788773,0.21983401477336884,0.65625,21.0,8.0,4.0,2.0,2.0,0.4940972775220871,0.006746289553120732,0.7894737124443054,0.0,0.0,0.5393902361392975,0.43531471490859985,0.463683620095253,0.5494857728481293,2.39948832988739,0.0,0.5250006020069122,0.31963904201984406,0.35715457797050476,15.852532386779785,8.526206970214844,0.7873102426528931,0.0,0.0,0.774024248123169,14335.233080135193,0.021388883469626307,0.022806236520409584,0.9487647414207458,5e-05,0.07967948913574219,0.07956178113818169,4.552228927612305,40.60579872131348,0.23257902264595032,0.001590024447068572,0.3411811739206314,0.0,0.0,0.0,0.0,1.0,22505.0,1.5699081922817661,0.001179328071884811,0.0014808614505454898,0.0013395842397585511,0.161640927195549,0.0011478777159936726,0.0014534872607327998,0.001311690197326243,0.1613217070698738,0.008130041882395744,0.016141286119818687,-3.038579821586609,-9.335063457489014,0.38278388278388276,0.40909093889323145,1.3203829406453167,0.020062308750639073,16.422851457022276,0.305693119764328,0.21268975734710693,1.9241772724732162,True
24000,100,23010,24000,0.1754106655716896,1.88020920753479,5.906753778457642,0.4863191395998001,0.07713168486952782,0.7219568490982056,0.0003947083023376763,2.4970740923890844e-05,0.007948860060423613,0.00623603374697268,1.0,752160.0,13.846033573150635,7.086647033691406,0.6707005500793457,0.0,0.02101395931094885,0.6489536762237549,0.21208933740854263,0.21836567670106888,0.65625,21.0,8.0,4.0,2.0,2.0,0.5161572694778442,0.006094353506341577,0.7913043200969696,0.0,0.0,0.5413407385349274,0.43704916536808014,0.46408987045288086,0.5529782772064209,2.434670925140381,0.0,0.5298547744750977,0.3135743886232376,0.3544718474149704,15.456523895263672,8.30406904220581,0.7930357456207275,0.0,0.0,0.7528516054153442,14878.399671086576,0.02142664068378508,0.02598066907376051,0.9356185793876648,5e-05,0.07870633900165558,0.07976430654525757,4.609277963638306,41.92708396911621,0.2349768429994583,0.0016484123189002275,0.3456192761659622,0.0,0.0,0.0,0.0,1.0,23505.0,1.579806991683857,0.0011824328103102744,0.0014782866928726435,0.0013400438474491239,0.16168443858623505,0.0011526827584020793,0.0014533651992678642,0.001313439046498388,0.16140900552272797,0.008156533353030682,0.016138870269060135,-3.1416021585464478,-9.475203037261963,0.38461538461538464,0.40909096327694977,1.3462880400389565,0.020503899805247774,16.651805391216854,0.3292994499206543,0.20696425437927246,1.9021740173646267,True
25000,100,24010,25000,0.17454229295253754,1.8847452998161316,5.910887002944946,0.4845801889896393,0.07735266536474228,0.7225426435470581,0.00044183632417116314,3.881025259033777e-05,0.007943987846374512,0.006253179162740707,1.0,784160.0,13.846033573150635,7.160689353942871,0.6881034970283508,0.0,0.020674153231084347,0.6538558602333069,0.19913510978221893,0.2169228494167328,0.65625,21.0,8.0,4.0,2.0,2.0,0.5216072797775269,0.005964026553556323,0.7777777910232544,0.0,0.0,0.5350952446460724,0.4314722716808319,0.46364012360572815,0.5495128333568573,2.442065715789795,0.0,0.5171045660972595,0.29720452427864075,0.3407296985387802,16.035788536071777,8.747799396514893,0.7924126982688904,0.0,0.0,0.7987385392189026,15424.995298721129,0.02137680514715612,0.024407988414168358,0.9377312064170837,5e-05,0.07936643064022064,0.07956178113818169,4.555025815963745,39.568246841430664,0.23790962994098663,0.001549611217342317,0.34793001413345337,0.0,0.0,0.0,0.0,1.0,24505.0,1.5886552562024832,0.0011766961542889476,0.0014707299415022135,0.0013340880395844579,0.1612105891108513,0.0011408760328777134,0.0014469908783212304,0.0013094526948407292,0.16093559563159943,0.008126267232000828,0.016143382526934147,-3.127882480621338,-9.476712226867676,0.38461538461538464,0.4045455011454495,1.3435738214563884,0.019846032112398087,16.866935498437257,0.31189650297164917,0.20758730173110962,1.9421119025788125,True
26000,100,25010,26000,0.1753852441906929,1.8773333430290222,5.923949480056763,0.4870545119047165,0.07763666287064552,0.7234939336776733,0.0005961923161521554,0.00010601301983115263,0.007897438947111368,0.006372363306581974,1.0,816160.0,13.846033573150635,7.580033540725708,0.6897759735584259,0.0,0.020923343487083912,0.685518741607666,0.23242416977882385,0.2425951361656189,0.625,20.0,8.0,4.0,2.0,2.0,0.5445946455001831,0.004999574040994048,0.75,0.0,0.0,0.54376220703125,0.44352617859840393,0.4733826667070389,0.5556688904762268,2.4636542797088623,0.0,0.5047248303890228,0.3012596070766449,0.3407707214355469,16.540266036987305,9.12144422531128,0.7799974381923676,0.0,0.0,0.8297974169254303,15981.28552917391,0.021467107580974698,0.022185398265719414,0.921731561422348,5e-05,0.07921724766492844,0.0814494639635086,4.607743978500366,42.265953063964844,0.23595016449689865,0.001648652774747461,0.3458653539419174,0.0,0.0,0.0,0.0,1.0,25505.0,1.5959291747778386,0.0011407682322897017,0.0014419538783840835,0.0013026282540522516,0.1624518483877182,0.0011110585764981806,0.001416883838828653,0.0012791400658898056,0.16219235211610794,0.00812981789931655,0.016134816221892834,-2.898046374320984,-9.779577732086182,0.3888888888888889,0.34999998807907107,1.3624428251136607,0.020386666578456066,16.753946774843563,0.3102240264415741,0.22000256180763245,1.8985213820363178,True
27000,100,26010,27000,0.17740405350923538,1.870163381099701,5.884512662887573,0.49109576642513275,0.07708710059523582,0.7212927937507629,0.0007115733169484884,0.00017322147323284298,0.007909076288342476,0.006363980704918504,1.0,848160.0,13.846033573150635,6.843663930892944,0.6514312028884888,0.0,0.020430441945791245,0.6247904896736145,0.25782980024814606,0.2649488002061844,0.625,20.0,8.0,4.0,2.0,2.0,0.48590444028377533,0.0030334469629451632,0.7647058963775635,0.0,0.0,0.5500558614730835,0.44466567039489746,0.476772204041481,0.5597504675388336,2.5160359144210815,0.0,0.5205761790275574,0.3098067194223404,0.3534870892763138,15.340314388275146,8.664067268371582,0.7551208734512329,0.0,0.0,0.7887250185012817,16525.26237603207,0.021391371497884393,0.02790152747184038,0.9123188555240631,5e-05,0.07877647131681442,0.08401703089475632,4.579821586608887,41.410268783569336,0.24778445065021515,0.0015983525081537664,0.3445202559232712,0.0,0.0,0.0,0.0,1.0,26505.0,1.6039079583463711,0.0010994603508152068,0.0013750906218774617,0.0012430279166437685,0.16118711978197098,0.0010603375267237425,0.0013444283977150917,0.0012106169015169144,0.16083138436079025,0.008111473638564348,0.01613579411059618,-2.788375496864319,-9.851309776306152,0.4090909090909091,0.3618181876702742,1.4090234508837796,0.01994687111585313,16.43000007450486,0.34856879711151123,0.2448791265487671,1.8898470647974763,True
28000,100,27010,28000,0.1770172342658043,1.8683900237083435,5.861921310424805,0.49074921011924744,0.07697524502873421,0.7195966243743896,0.0006816613313276321,0.00021089438087074086,0.007849930319935083,0.006325886584818363,1.0,880160.0,13.846033573150635,7.023148536682129,0.643883228302002,0.0,0.020179216749966145,0.6372223198413849,0.24903956055641174,0.2611733675003052,0.65625,21.0,8.0,4.0,2.0,2.0,0.47137558460235596,0.0063847824931144714,0.7752525508403778,0.0,0.0,0.547266811132431,0.4228071868419647,0.4770237058401108,0.55602166056633,2.551738142967224,0.0,0.51885986328125,0.30122311413288116,0.3416961580514908,15.63727331161499,8.473910808563232,0.7547658383846283,0.0,0.0,0.774289608001709,17067.470165356062,0.02150205196812749,0.030751665122807026,0.9077045023441315,5e-05,0.07860306650400162,0.08516138419508934,4.616379499435425,42.19405174255371,0.2428615242242813,0.0016526217223145068,0.34472009539604187,0.0,0.0,0.0,0.0,1.0,27505.0,1.6115500284417146,0.001118857238907367,0.0014000775991007686,0.0012678123312070966,0.16199328750371933,0.001083081355318427,0.0013678179820999503,0.001235419069416821,0.16171440482139587,0.008129877503961325,0.01613808237016201,-2.850564956665039,-9.891456604003906,0.42105263157894735,0.3750000198682149,1.4177959937888716,0.021150800954109636,16.273231622471503,0.35611677169799805,0.2452341616153717,1.9202477150250272,True
29000,100,28010,29000,0.17547758668661118,1.8763735890388489,5.896903038024902,0.48656249046325684,0.07731344178318977,0.7216435670852661,0.0005095461092423648,0.00017146170284831896,0.007893940899521112,0.006346153793856502,1.0,912160.0,13.846033573150635,7.273749351501465,0.6274953782558441,0.0,0.02075101714581251,0.6603135764598846,0.251610204577446,0.26014576852321625,0.640625,20.5,8.0,4.0,2.0,2.0,0.4686177372932434,0.004151129629462957,0.7860412001609802,0.0,0.0,0.5425540804862976,0.41338391602039337,0.4846162497997284,0.5532844960689545,2.5682566165924072,0.0,0.5099512040615082,0.30110758543014526,0.3374546468257904,16.191879272460938,8.748216152191162,0.7569142580032349,0.0,0.0,0.7967130243778229,17624.392822172027,0.02182788192294538,0.026523142121732235,0.9157533645629883,5e-05,0.07910006120800972,0.08092105388641357,4.690912485122681,42.44992637634277,0.23728448897600174,0.0016756692784838378,0.3455917686223984,0.0,0.0,0.0,0.0,1.0,28505.0,1.617360675738024,0.0011231989483349025,0.0014115631929598749,0.0012807009043172002,0.16119658201932907,0.0010832195403054357,0.001377649838104844,0.0012407233589328825,0.16094490140676498,0.008166539948433638,0.016142203472554684,-2.979723572731018,-9.84739351272583,0.4,0.3849206320823185,1.4185753641451981,0.020965849464409873,16.40849552645634,0.3725046217441559,0.24308574199676514,1.872275288826608,True
30000,100,29010,30000,0.1748431771993637,1.8828091621398926,5.918450832366943,0.48533979058265686,0.07770249992609024,0.7210339307785034,0.0004195184155832976,0.000141021198942326,0.007876537274569273,0.006321721011772752,1.0,944160.0,13.846033573150635,7.454447507858276,0.6656004786491394,0.0,0.02010560128837824,0.6788819432258606,0.2381245717406273,0.24482478201389313,0.65625,21.0,8.0,4.0,2.0,2.0,0.5091713964939117,0.0038951007882133126,0.7633053362369537,0.0,0.0,0.5375598967075348,0.4254146069288254,0.48360608518123627,0.549898624420166,2.584991693496704,0.0,0.5059715807437897,0.3144548535346985,0.34839969873428345,16.473017692565918,8.983132362365723,0.7696114778518677,0.0,0.0,0.8209202885627747,18182.254491564585,0.021882203873246908,0.024750931188464165,0.92076176404953,5e-05,0.07918233796954155,0.08058805391192436,4.7169623374938965,43.67311096191406,0.23854490369558334,0.0017047771834768355,0.3485240638256073,0.0,0.0,0.0,0.0,1.0,29505.0,1.6227051477290861,0.0010925805545412004,0.001357141009066254,0.0012444842723198235,0.16191697865724564,0.0010441162739880383,0.0013251227792352438,0.0012022661394439638,0.1616789847612381,0.00816126586869359,0.016143103130161762,-3.0965170860290527,-9.833590030670166,0.391304347826087,0.370370383615847,1.4200102829220143,0.021428658350574656,16.45141251596698,0.3343995213508606,0.23038852214813232,1.9122051109297753,True
31000,100,30010,31000,0.178577721118927,1.8537113070487976,5.787598371505737,0.49376586079597473,0.07612951844930649,0.7167746424674988,0.0006188070692587644,0.0002684409264475107,0.007903534453362226,0.0062428792007267475,1.0,976160.0,13.846033573150635,7.2946250438690186,0.638113260269165,0.0,0.01881333254277706,0.6610057055950165,0.26479893922805786,0.28190238773822784,0.65625,21.0,8.0,4.0,2.0,2.0,0.4857591688632965,0.00446562934666872,0.782608687877655,0.0,0.0,0.5287685096263885,0.41734679043293,0.47529706358909607,0.5444988310337067,2.6220635175704956,0.0,0.5109824240207672,0.31852129101753235,0.36529795825481415,15.707965850830078,8.524539470672607,0.7471679747104645,0.0,0.0,0.7821898758411407,18776.995468953624,0.021586063085123897,0.029026380740106106,0.9067605137825012,5e-05,0.07762398943305016,0.0818701721727848,4.621750354766846,42.994163513183594,0.24117647111415863,0.001680463261436671,0.34937451779842377,0.0,0.0,0.0,0.0,1.0,30505.0,1.625000987891075,0.0010761190787889063,0.0013408386148512363,0.001226348103955388,0.16084257513284683,0.0010378883453086019,0.0013058004551567137,0.001184802851639688,0.16053782403469086,0.008175918832421303,0.016138853505253792,-3.037968158721924,-9.840052604675293,0.38095238095238093,0.42481203746974916,1.4325095651890436,0.02178273393108293,15.994185545852892,0.36188673973083496,0.2528320252895355,1.8800221030385331,True
32000,100,31010,32000,0.1777464747428894,1.8470427989959717,5.786076784133911,0.49324822425842285,0.07580625638365746,0.7163701057434082,0.0006661619700025767,0.0002102000144077465,0.007899357937276363,0.006206173216924071,1.0,1008160.0,13.846033573150635,7.334342002868652,0.6398819386959076,0.0,0.01850422564893961,0.6698133647441864,0.26301059126853943,0.276156485080719,0.65625,21.0,8.0,4.0,2.0,2.0,0.4836702048778534,0.004885965725407004,0.800000011920929,0.0,0.0,0.5272559821605682,0.41605915129184723,0.4714852124452591,0.5429080426692963,2.6508328914642334,0.0,0.5162790715694427,0.31752006709575653,0.35986220836639404,15.853937149047852,8.472612380981445,0.729380875825882,0.0,0.0,0.7734805047512054,19367.479621117935,0.021820371272042394,0.029117681086063385,0.901189535856247,5e-05,0.07724742218852043,0.08112373948097229,4.660467147827148,44.74447250366211,0.24013552069664001,0.001748923968989402,0.3476146310567856,0.0,0.0,0.0,0.0,1.0,31505.0,1.6253136300489293,0.0010822119074873626,0.0013500836212188005,0.0012259192299097776,0.16127775609493256,0.0010404055938124657,0.0013129249564372003,0.0011853768955916166,0.160978265106678,0.008127297274768353,0.01614358928054571,-3.1016621589660645,-9.845706939697266,0.38675213675213677,0.40454547332994867,1.43984846860252,0.02250104210220113,15.490113882566497,0.3601180613040924,0.27061912417411804,1.8732526569117693,True
33000,100,32010,33000,0.17742108553647995,1.8596729636192322,5.79520058631897,0.490266814827919,0.07588675245642662,0.718512773513794,0.0004182351694907993,0.00012030295329168439,0.007880539167672396,0.006247126264497638,1.0,1040160.0,13.846033573150635,7.503293752670288,0.6570085287094116,0.0,0.019756789319217205,0.6828190386295319,0.24513615667819977,0.25925761461257935,0.625,20.0,8.0,4.0,2.0,2.0,0.4884895384311676,0.0037552480353042483,0.7894737124443054,0.0,0.0,0.52805295586586,0.3956255465745926,0.46740852296352386,0.5401117205619812,2.6680984497070312,0.0,0.5086086094379425,0.3189733177423477,0.35349754989147186,16.187707901000977,8.667750835418701,0.7649478912353516,0.0,0.0,0.7914955914020538,19980.816860425984,0.02162436000071466,0.02796592377126217,0.9120239913463593,5e-05,0.07751476392149925,0.08225574716925621,4.670222997665405,44.64825630187988,0.23473836481571198,0.0017363449442200363,0.3521694391965866,0.0,0.0,0.0,0.0,1.0,32505.0,1.6268103598394237,0.0010818156879395247,0.0013450899277813733,0.001227657834533602,0.16204551607370377,0.0010411746334284544,0.0013060594210401177,0.0011873819748871028,0.16175711899995804,0.008144591934978962,0.016135169193148613,-3.1526310443878174,-9.802812576293945,0.38095238095238093,0.4210526598127265,1.44333785837987,0.022247067294752107,16.4728157458971,0.3429914712905884,0.23505210876464844,1.9448408607711483,True
34000,100,33010,34000,0.1748952567577362,1.880492389202118,5.9134461879730225,0.4854293465614319,0.0775996558368206,0.7191916704177856,0.0002508358229533769,8.919395986595191e-05,0.007908842526376247,0.006180192576721311,1.0,1072160.0,13.846033573150635,7.864827871322632,0.6600518822669983,0.0,0.019656876102089882,0.7253792583942413,0.23025018721818924,0.2473503276705742,0.65625,21.0,8.0,4.0,2.0,2.0,0.5147716104984283,0.00534619833342731,0.782608687877655,0.0,0.0,0.5222372114658356,0.38433755934238434,0.4647303819656372,0.5316834449768066,2.6747355461120605,0.0,0.5047051012516022,0.31213605403900146,0.3479122221469879,16.992745399475098,8.955963134765625,0.773248553276062,0.0,0.0,0.8188676834106445,20531.724009806057,0.02167689148336649,0.024733527563512325,0.9131768643856049,5e-05,0.07906441017985344,0.08108428120613098,4.639534950256348,43.56536674499512,0.23584579676389694,0.0017078157979995012,0.35322795808315277,0.0,0.0,0.0,0.0,1.0,33505.0,1.6319153947848015,0.0010913581936620176,0.0013663002755492926,0.0012396399397403002,0.16186251491308212,0.0010516365873627365,0.0013251951895654202,0.001199182530399412,0.16159125417470932,0.008144697174429893,0.016136543825268745,-3.084856390953064,-9.894976615905762,0.38675213675213677,0.40019765460915246,1.4275585780653657,0.022440808041819284,16.374514545992255,0.3399481177330017,0.226751446723938,1.898856042595642,True
35000,100,34010,35000,0.1784115582704544,1.861891746520996,5.8180131912231445,0.4928193688392639,0.0764835998415947,0.7158413529396057,0.00047227567119989544,0.00023637408594368026,0.007942915428429842,0.006149096414446831,1.0,1104160.0,13.846033573150635,7.2628333568573,0.656044989824295,0.0,0.019389710389077663,0.6654943525791168,0.23464082926511765,0.2450767531991005,0.625,20.0,8.0,4.0,2.0,2.0,0.48215749859809875,0.0050309025682508945,0.7647058963775635,0.0,0.0,0.527532160282135,0.36156006157398224,0.45855948328971863,0.5408691167831421,2.691939949989319,0.0,0.5108145773410797,0.3160374015569687,0.3571111857891083,15.722339630126953,8.689878940582275,0.7570667266845703,0.0,0.0,0.7879655361175537,21100.82867150707,0.021889642579481006,0.030070657841861248,0.903666079044342,5e-05,0.07806440815329552,0.083519347012043,4.610361576080322,43.39336013793945,0.24654141068458557,0.0017182297888211906,0.3461867570877075,0.0,0.0,0.0,0.0,1.0,34505.0,1.635243833298893,0.0011400676448829472,0.0014294838765636086,0.0012950208620168269,0.16276998817920685,0.0010905640083365142,0.0013916894095018506,0.0012510087108239532,0.16244669258594513,0.00814695144072175,0.016135970130562782,-3.1037442684173584,-9.930283546447754,0.410427807486631,0.3469899799114087,1.455672574836079,0.02213669447117663,15.744147092921263,0.34395501017570496,0.2429332733154297,1.8804272592923144,True
36000,100,35010,36000,0.17905325442552567,1.8609929084777832,5.823676109313965,0.49312470853328705,0.07653363421559334,0.7159669101238251,0.00047240038111340255,0.0002193505279137753,0.00797426700592041,0.006124185863882303,1.0,1136160.0,13.846033573150635,7.440302610397339,0.6582765877246857,0.0,0.019297752529382706,0.6837877929210663,0.24345353990793228,0.2527092546224594,0.625,20.0,8.0,4.0,2.0,2.0,0.4882384240627289,0.0042181003373116255,0.7647058963775635,0.0,0.0,0.5248490869998932,0.3602534681558609,0.46216948330402374,0.5380240976810455,2.7130043506622314,0.0,0.5137315690517426,0.31312480568885803,0.3580533415079117,15.913190841674805,8.54090404510498,0.7603862583637238,0.0,0.0,0.7693956792354584,21648.014445935376,0.021815945161506534,0.03255150467157364,0.9028884768486023,5e-05,0.07810494676232338,0.0825892835855484,4.671755313873291,43.15885543823242,0.2444661483168602,0.0016872856067493558,0.34654049575328827,0.0,0.0,0.0,0.0,1.0,35505.0,1.6401042220792266,0.001137663668487221,0.0014332699938677251,0.0012980786268599331,0.16310720145702362,0.0010937360930256546,0.0013969207648187876,0.0012549314415082335,0.16279873996973038,0.008156273048371077,0.01614027377218008,-3.143840789794922,-9.969486236572266,0.4,0.3684210510630357,1.4583112536215737,0.021862886129275776,15.619482294989666,0.34172341227531433,0.23961374163627625,1.893785144495589,True
37000,100,36010,37000,0.1770176813006401,1.8631550669670105,5.843424320220947,0.4904383271932602,0.07664616033434868,0.717827558517456,0.0003505462809698656,0.00016944425442488864,0.007928292267024517,0.006160075077787042,1.0,1168160.0,13.846033573150635,7.872501373291016,0.6656434834003448,0.0,0.020393159240484238,0.7115649878978729,0.21708690375089645,0.22405660152435303,0.625,20.0,8.0,4.0,2.0,2.0,0.5027257204055786,0.00467123300768435,0.782608687877655,0.0,0.0,0.5220956802368164,0.3700023740530014,0.45782822370529175,0.5333341658115387,2.741701126098633,0.0,0.5094855427742004,0.3143497258424759,0.3533758372068405,16.41434669494629,8.628496646881104,0.7750139534473419,0.0,0.0,0.779966413974762,22198.104208508972,0.022196112433448434,0.03039512224495411,0.9076827466487885,5e-05,0.07811781391501427,0.08155293390154839,4.682998180389404,43.07290267944336,0.2392113134264946,0.001668723940383643,0.34617534279823303,0.0,0.0,0.0,0.0,1.0,36505.0,1.6445097997446534,0.0011314335279166698,0.0014286516234278679,0.001287440420128405,0.16204442828893661,0.0010860413312911987,0.0013922691578045487,0.0012490550288930535,0.1617712378501892,0.008128088898956776,0.01614503748714924,-3.1748247146606445,-9.917047023773193,0.410427807486631,0.3684210808653581,1.4577246762233358,0.021860446845446618,16.33973574941413,0.33435651659965515,0.22498604655265808,1.8573767663779892,True
38000,100,37010,38000,0.1765458807349205,1.8672165274620056,5.844313621520996,0.48848341405391693,0.07642636820673943,0.7190150320529938,0.00033720866485964507,0.00013362499157665297,0.007956065237522125,0.006201433017849922,1.0,1200160.0,13.846033573150635,7.796303033828735,0.6548174619674683,0.0,0.0204945495352149,0.7109460830688477,0.23775862157344818,0.24677474796772003,0.625,20.0,8.0,4.0,2.0,2.0,0.5000320971012115,0.0048966240137815475,0.7687166035175323,0.0,0.0,0.5180371701717377,0.3641945719718933,0.4545822739601135,0.5281313359737396,2.7564185857772827,0.0,0.49865657091140747,0.3160158693790436,0.3462602347135544,16.700312614440918,8.816132068634033,0.7705203294754028,0.0,0.0,0.7989216446876526,22755.11546804593,0.02181792096234858,0.027714313007891178,0.9130100011825562,5e-05,0.07816827297210693,0.0799851194024086,4.680385112762451,43.02664756774902,0.23506589978933334,0.0016424471396021545,0.34866468608379364,0.0,0.0,0.0,0.0,1.0,37505.0,1.6482320318332295,0.0011375656467862427,0.0014365334063768387,0.001299582771025598,0.16297107934951782,0.0010930023854598403,0.001391662168316543,0.0012558468733914196,0.1627068668603897,0.008157885633409023,0.016134553588926792,-3.1941258907318115,-9.91714859008789,0.4090909090909091,0.37171054043267904,1.449787860243184,0.021605332411785763,16.300019890362748,0.34518253803253174,0.22947967052459717,1.892200716037325,True
39000,100,38010,39000,0.17731745541095734,1.8698484301567078,5.888588190078735,0.4905751943588257,0.0770646259188652,0.7187172174453735,0.00043465640919748694,0.00012602647620951757,0.007811777992174029,0.006368420319631696,1.0,1232160.0,13.846033573150635,7.904218435287476,0.6658506989479065,0.0,0.019409332424402237,0.7245864272117615,0.23160377889871597,0.24101459980010986,0.625,20.0,8.0,4.0,2.0,2.0,0.4929328113794327,0.004392363829538226,0.7633053362369537,0.0,0.0,0.5118908286094666,0.36791904270648956,0.44648614525794983,0.5315535068511963,2.74603009223938,0.0,0.4930723011493683,0.30416128039360046,0.33043015003204346,16.90125560760498,9.190973281860352,0.7718023061752319,0.0,0.0,0.8377649188041687,23315.525962450076,0.02172677544876933,0.028840329498052597,0.9090529084205627,5e-05,0.07856146991252899,0.08096498623490334,4.676408529281616,43.839969635009766,0.24322574585676193,0.0016977956402115524,0.3429509997367859,0.0,0.0,0.0,0.0,1.0,38505.0,1.6514746421905817,0.0011553219519555569,0.0014082631096243858,0.0012936292914673686,0.1631769835948944,0.001114055747166276,0.0013740618014708161,0.0012567107332870364,0.16289374232292175,0.008186634164303541,0.016145160421729088,-3.0799996852874756,-9.872979640960693,0.3888888888888889,0.3809523937248048,1.448212924413319,0.02176743408791773,16.03383946188222,0.3341493010520935,0.22819769382476807,1.8790695260091663,True
40000,100,39010,40000,0.17857233434915543,1.8648515939712524,5.8423011302948,0.4918207377195358,0.07673066854476929,0.717981219291687,0.0005155004910193384,0.0002098364057019353,0.007872586138546467,0.0063947218004614115,1.0,1264160.0,13.846033573150635,7.553788661956787,0.6531486809253693,0.0,0.01924677938222885,0.6904852986335754,0.22641093283891678,0.23946236819028854,0.625,20.0,8.0,4.0,2.0,2.0,0.48741787672042847,0.005114334635436535,0.7687166035175323,0.0,0.0,0.517835944890976,0.36407116055488586,0.43493032455444336,0.5299637317657471,2.777553677558899,0.0,0.49396704137325287,0.3102482706308365,0.3391250818967819,16.470657348632812,8.769001960754395,0.7578473091125488,0.0,0.0,0.8015015423297882,23861.525495175505,0.021399429766461253,0.03226879797875881,0.90159872174263,5e-05,0.07846620306372643,0.08382353186607361,4.602973937988281,42.624576568603516,0.24551323801279068,0.0016481582424603403,0.34425099194049835,0.0,0.0,0.0,0.0,1.0,39505.0,1.6555940620661187,0.0011604820610955358,0.0014036496286280453,0.0012913166428916156,0.1630772352218628,0.0011195637634955347,0.0013706021709367633,0.0012522125616669655,0.16282077878713608,0.008157368749380112,0.01613863091915846,-3.0280299186706543,-9.800014019012451,0.3888888888888889,0.3801313740964398,1.4658875356178669,0.02150844943992649,16.083914275014806,0.34685131907463074,0.24215269088745117,1.8946359669853021,True
41000,100,40010,41000,0.17692497372627258,1.8734195828437805,5.874669551849365,0.48830997943878174,0.07696882635354996,0.7189358174800873,0.00047983705007936805,0.00011740929039660841,0.007900436874479055,0.006382549647241831,1.0,1296160.0,13.846033573150635,7.671891927719116,0.656021237373352,0.0,0.019445396028459072,0.705178827047348,0.23686371743679047,0.25217950344085693,0.625,20.0,8.0,4.0,2.0,2.0,0.46183446049690247,0.004480249714106321,0.7801932394504547,0.0,0.0,0.5118640959262848,0.34624095261096954,0.4301481693983078,0.5260433852672577,2.8003437519073486,0.0,0.4915286898612976,0.3086153417825699,0.33234603703022003,16.095717430114746,8.910093307495117,0.7665802836418152,0.0,0.0,0.8126184642314911,24427.45710109314,0.021556289168074727,0.03069271147251129,0.9094990491867065,5e-05,0.07858031988143921,0.0823759213089943,4.648173093795776,43.467926025390625,0.2437191680073738,0.001690685749053955,0.35052676498889923,0.0,0.0,0.0,0.0,1.0,40505.0,1.6581735129706203,0.0011608980130404234,0.0014069636818021536,0.0012951151584275067,0.16231590509414673,0.001124001806601882,0.0013734259409829974,0.0012616823078133166,0.16204959899187088,0.008177548181265593,0.01613121386617422,-3.0653921365737915,-9.904513835906982,0.39009661835748793,0.4,1.4666076905311343,0.021851410019568515,16.5446178146949,0.34397876262664795,0.23341971635818481,1.832975069846107,True
42000,100,41010,42000,0.176024928689003,1.8748639225959778,5.8890252113342285,0.4888763725757599,0.07724270969629288,0.7195759415626526,0.00040339422412216663,8.673072079545818e-05,0.007892252877354622,0.006382402731105685,1.0,1328160.0,13.846033573150635,7.799738168716431,0.6516283750534058,0.0,0.019925083965063095,0.7154228091239929,0.2216077819466591,0.23312211781740189,0.625,20.0,8.0,4.0,2.0,2.0,0.4781258553266525,0.004586877999827266,0.7860412001609802,0.0,0.0,0.5101179778575897,0.3443106710910797,0.4245421290397644,0.5194317698478699,2.8200026750564575,0.0,0.47792743146419525,0.3066405951976776,0.33206529915332794,17.057194709777832,9.128873825073242,0.7714308798313141,0.0,0.0,0.8309172093868256,24992.490845035994,0.0216418644413352,0.027346057817339897,0.9069201648235321,5e-05,0.07877179980278015,0.08207237347960472,4.67686653137207,45.43743133544922,0.24126233905553818,0.0017599400016479194,0.3521835058927536,0.0,0.0,0.0,0.0,1.0,41505.0,1.660670746234434,0.0011637848219834268,0.0014113126089796424,0.0012961289612576365,0.16218658536672592,0.001118699205107987,0.001368594414088875,0.0012528399238362908,0.16190960258245468,0.00816085934638977,0.016139166429638863,-3.0427584648132324,-9.836718082427979,0.3888888888888889,0.3913043452345807,1.4693456640306053,0.022669625096607735,16.57912428284186,0.34837162494659424,0.2285691201686859,1.880700016351343,True
43000,100,42010,43000,0.17702245712280273,1.8642181158065796,5.822831630706787,0.49130117893218994,0.07646903395652771,0.7194291949272156,0.00023311634868150577,7.498050763388164e-05,0.00801087450236082,0.006259202258661389,1.0,1360160.0,13.846033573150635,8.236395835876465,0.6629355251789093,0.0,0.020967666991055012,0.7583425939083099,0.23092401027679443,0.23889025300741196,0.625,20.0,8.0,4.0,2.0,2.0,0.4810752272605896,0.004527689889073372,0.7916666865348816,0.0,0.0,0.5096518397331238,0.3462866395711899,0.4263402372598648,0.510381668806076,2.8450307846069336,0.0,0.46777065098285675,0.3178902864456177,0.34665051102638245,17.162967681884766,8.9254469871521,0.775011271238327,0.0,0.0,0.8136135041713715,25551.555877577048,0.021230531856417656,0.02926679328083992,0.9096096158027649,5e-05,0.07820725440979004,0.08131510764360428,4.696143627166748,43.576148986816406,0.23642141371965408,0.001663787115830928,0.35156071186065674,0.0,0.0,0.0,0.0,1.0,42505.0,1.6634994814214783,0.0010977034689858556,0.00138168124249205,0.0012394182849675417,0.16393359005451202,0.0010539742070250213,0.0013524965615943074,0.0012070161756128073,0.16359804570674896,0.00813288800418377,0.016138124279677868,-2.9784977436065674,-9.666133403778076,0.4,0.40000001192092893,1.4408829452474663,0.021250568889766945,16.46966598147483,0.3370644748210907,0.22498872876167297,1.8794293232332997,True
44000,100,43010,44000,0.17871223390102386,1.8453357219696045,5.73197865486145,0.4959470331668854,0.07537984102964401,0.714798241853714,0.0004532054590526968,0.0001561063327244483,0.008053158409893513,0.00613911566324532,1.0,1392160.0,13.846033573150635,8.122995853424072,0.6620043814182281,0.0,0.019902799278497696,0.7458446621894836,0.2284366860985756,0.2411968931555748,0.640625,20.5,8.0,4.0,2.0,2.0,0.4982195645570755,0.004220420960336924,0.7669683396816254,0.0,0.0,0.5086435675621033,0.32510069012641907,0.42113739252090454,0.5081906318664551,2.868470549583435,0.0,0.4688389003276825,0.3163055032491684,0.3510195463895798,16.881895065307617,8.846939086914062,0.765472948551178,0.0,0.0,0.8100585341453552,26128.10656170314,0.021300176857039332,0.032850923016667366,0.9022137820720673,5e-05,0.07703426852822304,0.0833333358168602,4.606374025344849,42.29043388366699,0.2444802075624466,0.0016785733168944716,0.3496968299150467,0.0,0.0,0.0,0.0,1.0,43505.0,1.6648396493356068,0.0010769188520498574,0.0013703425647690892,0.0012266015983186662,0.16468407958745956,0.0010332359815947711,0.0013453607680276036,0.0011995703098364174,0.16441718488931656,0.008156742434948683,0.016136839985847473,-3.1526310443878174,-9.337725162506104,0.4,0.37171054043267904,1.4400052401338037,0.021674399893007564,16.009215303996655,0.33799561858177185,0.23452705144882202,1.8606211475998042,True
45000,100,44010,45000,0.17682462185621262,1.8549115657806396,5.776422739028931,0.4903312772512436,0.07580706477165222,0.7173410058021545,0.0003318257804494351,0.00010272140934830531,0.008036601822823286,0.006130965892225504,1.0,1424160.0,13.846033573150635,8.237778663635254,0.6653487682342529,0.0,0.02048706915229559,0.756708562374115,0.2246137335896492,0.23509079962968826,0.65625,21.0,8.0,4.0,2.0,2.0,0.5004471838474274,0.004759660456329584,0.75,0.0,0.0,0.5031104981899261,0.3105767071247101,0.40497708320617676,0.5019827485084534,2.889971613883972,0.0,0.4673045724630356,0.31522561609745026,0.34667256474494934,17.254892349243164,8.883577346801758,0.7690861523151398,0.0,0.0,0.8133225739002228,26798.383925135946,0.022049248218536377,0.03279326483607292,0.9114364981651306,5e-05,0.0776178389787674,0.08329169824719429,4.584472894668579,42.45001029968262,0.24363325536251068,0.0016434231074526906,0.34883299469947815,0.0,0.0,0.0,0.0,1.0,44505.0,1.660800783045306,0.0010834758286364377,0.0013775697443634272,0.0012217452749609947,0.16535896807909012,0.001040413393639028,0.0013490407727658749,0.001194111944641918,0.1650565043091774,0.008182828314602375,0.01613947469741106,-3.169751763343811,-9.443211078643799,0.391304347826087,0.375,1.4374810101947446,0.021346431054293513,16.163658928879666,0.33465123176574707,0.23091384768486023,1.8037391699953536,True
46000,100,45010,46000,0.17528101801872253,1.8722742199897766,5.829658269882202,0.48660510778427124,0.07623440772294998,0.718837559223175,0.00028619020304176956,7.681836359552108e-05,0.008042140863835812,0.006221854360774159,1.0,1456160.0,13.846033573150635,8.17473030090332,0.6540166437625885,0.0,0.02077285572886467,0.7557366788387299,0.2244415059685707,0.23858506977558136,0.640625,20.5,8.0,4.0,2.0,2.0,0.4771672785282135,0.0043833747040480375,0.782608687877655,0.0,0.0,0.5025502443313599,0.30471496284008026,0.39973707497119904,0.5011409819126129,2.911558747291565,0.0,0.4637201726436615,0.3158200830221176,0.345543771982193,17.191495895385742,8.938031673431396,0.7617537677288055,0.0,0.0,0.8183016777038574,27445.884581866674,0.021809854544699192,0.031386274844408035,0.9091202616691589,5e-05,0.0778062455356121,0.08154543116688728,4.551871061325073,40.274274826049805,0.24563953280448914,0.0015688345883972943,0.3516782522201538,0.0,0.0,0.0,0.0,1.0,45505.0,1.6581427708457728,0.0010906277457252145,0.0013676660601049662,0.0012264787219464779,0.16310589760541916,0.0010481371427886188,0.0013416442088782787,0.0011920847464352846,0.16282112896442413,0.008205658756196499,0.016147037036716938,-3.083786129951477,-9.476437091827393,0.4,0.3809523937248048,1.4349161872942133,0.020561872445118014,16.285202895124524,0.3459833562374115,0.23824623227119446,1.8876748142983777,True
47000,100,46010,47000,0.17636125534772873,1.869000494480133,5.855571985244751,0.4885444939136505,0.07692001014947891,0.7193510830402374,0.00030801037792116404,7.271279173437506e-05,0.007927362341433764,0.00631690607406199,1.0,1488160.0,13.846033573150635,8.430490493774414,0.6627932786941528,0.0,0.020519733428955078,0.7762995660305023,0.23767045885324478,0.2555694580078125,0.625,20.0,8.0,4.0,2.0,2.0,0.47255443036556244,0.004657122539356351,0.7777777910232544,0.0,0.0,0.48979125916957855,0.2962673008441925,0.39407122135162354,0.49055470526218414,2.9271363019943237,0.0,0.45911264419555664,0.30761919915676117,0.3343193233013153,17.77263069152832,9.144962310791016,0.7633932530879974,0.0,0.0,0.8374700546264648,28090.734476751415,0.021733062341809273,0.030153782106935978,0.9112987816333771,5e-05,0.07865950092673302,0.08122501894831657,4.583624839782715,41.436758041381836,0.2366916760802269,0.0016184528940357268,0.3503040671348572,0.0,0.0,0.0,0.0,1.0,46505.0,1.6561625473365214,0.0011760921915993094,0.0014997085090726614,0.0013479020562954247,0.1638704463839531,0.0011311382404528558,0.0014703960623592138,0.0013117751805111766,0.1635821834206581,0.008144668769091368,0.016145086847245693,-3.1607595682144165,-9.5101318359375,0.3888888888888889,0.3999999761581421,1.4413153420601361,0.02102344300501882,16.374108475095916,0.33720672130584717,0.23660674691200256,1.8826127910514603,True
48000,100,47010,48000,0.17666014283895493,1.875077486038208,5.876455068588257,0.49009859561920166,0.07683777436614037,0.7175278663635254,0.0004894340818282217,0.00020387586118886247,0.007822535932064056,0.006450812099501491,1.0,1520160.0,13.846033573150635,8.64460563659668,0.6467351913452148,0.0,0.02071659080684185,0.8008580505847931,0.28385384380817413,0.29620498418807983,0.65625,21.0,8.0,4.0,2.0,2.0,0.46394242346286774,0.004411978414282203,0.7549999952316284,0.0,0.0,0.4856216311454773,0.2940838485956192,0.3775728791952133,0.4836489409208298,2.9547849893569946,0.0,0.4493752419948578,0.29899492859840393,0.3211583197116852,17.70615005493164,9.254909038543701,0.7353346347808838,0.0,0.0,0.8500979244709015,28639.81083325646,0.02160895592533052,0.03556566685438156,0.9095389544963837,5e-05,0.0781896524131298,0.0871710553765297,4.460870742797852,40.80263137817383,0.2570723742246628,0.0015632027643732727,0.3470110595226288,0.0,0.0,0.0,0.0,1.0,47505.0,1.6587050883205192,0.0012419064296409488,0.001562870224006474,0.001416166836861521,0.162381112575531,0.0011817425256595016,0.0015159480972215533,0.0013690345804207027,0.1620427593588829,0.008158843964338303,0.016137314960360527,-3.1459368467330933,-9.606020450592041,0.39009661835748793,0.37171054043267904,1.4411478217492792,0.020126378632507796,16.453824195762422,0.35326480865478516,0.2646653652191162,1.8857100712860648,True
49000,100,48010,49000,0.1760706901550293,1.864432692527771,5.835561513900757,0.48859067261219025,0.0762718915939331,0.7191866934299469,0.0004743175522889942,0.0001613287313375622,0.007830249611288309,0.0064870554488152266,1.0,1552160.0,13.846033573150635,8.849225997924805,0.6359365284442902,0.0,0.020431246608495712,0.8160567283630371,0.2745623141527176,0.2850944697856903,0.65625,21.0,8.0,4.0,2.0,2.0,0.46297687292099,0.003222764120437205,0.761904776096344,0.0,0.0,0.47843697667121887,0.2751815766096115,0.36741359531879425,0.47869306802749634,2.980585217475891,0.0,0.445648729801178,0.29180675745010376,0.31838126480579376,17.86998462677002,9.151981353759766,0.7354627847671509,0.0,0.0,0.8449538946151733,29195.545629331376,0.02168287429958582,0.03618081286549568,0.9113171994686127,5e-05,0.0777585506439209,0.08532072603702545,4.393092155456543,39.53815841674805,0.2554791569709778,0.0015807619784027338,0.3484021723270416,0.0,0.0,0.0,0.0,1.0,48505.0,1.661383576316581,0.0012431333889253438,0.001572557259351015,0.0014195547555573285,0.16370169818401337,0.001183234271593392,0.00151855091098696,0.0013688827166333795,0.1634061112999916,0.008142244536429644,0.016138439998030663,-3.1457557678222656,-9.646853923797607,0.38095238095238093,0.3809523937248048,1.4325068721445753,0.020054361233567186,16.23424265394262,0.36406347155570984,0.2645372152328491,1.8567646423794015,True
50000,100,49010,50000,0.17564979940652847,1.876639723777771,5.8796586990356445,0.4866390973329544,0.07716922834515572,0.7185068130493164,0.0003187533002346754,7.705785174039192e-05,0.007839107420295477,0.00644363765604794,1.0,1584160.0,13.846033573150635,8.48045825958252,0.6766106486320496,0.0,0.02050577476620674,0.7871076464653015,0.2509758993983269,0.2647903263568878,0.65625,21.0,8.0,4.0,2.0,2.0,0.4848637729883194,0.00272970087826252,0.7727273106575012,0.0,0.0,0.4714566767215729,0.26668502390384674,0.36251646280288696,0.4710184633731842,3.007100224494934,0.0,0.4329812377691269,0.28847692906856537,0.31298504769802094,17.628694534301758,9.24862003326416,0.7607581317424774,0.0,0.0,0.8447540998458862,29751.229516880587,0.021831068210303783,0.034411005675792694,0.9162726104259491,5e-05,0.07888555899262428,0.08203941583633423,4.45931077003479,39.407888412475586,0.2463795617222786,0.0015707231941632926,0.35312989354133606,0.0,0.0,0.0,0.0,1.0,49505.0,1.663964843245937,0.0012403643922880292,0.0015590133261866868,0.0014114006189629436,0.16289020329713821,0.0011872720788232982,0.0015091083478182554,0.0013615847565233707,0.16262933611869812,0.00818057730793953,0.016139309853315353,-3.084856390953064,-9.408111572265625,0.38278388278388276,0.40370372224737094,1.4295409951266258,0.019684335147624528,16.419350059992425,0.32338935136795044,0.23924186825752258,1.8713546190850656,True
51000,100,50010,51000,0.17483512312173843,1.8817375898361206,5.919305324554443,0.4852466583251953,0.07769615948200226,0.7208029925823212,0.0002364648607908748,6.161876808619127e-05,0.00779295340180397,0.00638371822424233,1.0,1616160.0,13.846033573150635,8.695024490356445,0.673169732093811,0.0,0.02053994871675968,0.7932753264904022,0.2323637455701828,0.2412891536951065,0.65625,21.0,8.0,4.0,2.0,2.0,0.5035052299499512,0.0028167138807475567,0.7609523832798004,0.0,0.0,0.47768811881542206,0.2801578491926193,0.3632310777902603,0.4776744544506073,3.012681007385254,0.0,0.4370488077402115,0.2927519530057907,0.31804628670215607,17.898048400878906,9.434907913208008,0.7767688035964966,0.0,0.0,0.8605606555938721,30330.94274770771,0.02190893841907382,0.02680448815226555,0.9227492213249207,5e-05,0.07922114059329033,0.08298700302839279,4.4373555183410645,38.31739616394043,0.24039411544799805,0.0015130991814658046,0.35278794169425964,0.0,0.0,0.0,0.0,1.0,50505.0,1.6651305079902015,0.00118363177170977,0.0014686647919006646,0.001343018957413733,0.1635124236345291,0.0011404523393139243,0.0014271435211412609,0.001313173328526318,0.16321780532598495,0.00816475972533226,0.016138778999447823,-3.114304542541504,-9.534259796142578,0.38278388278388276,0.3660287305213618,1.4499103832612263,0.01918759769094139,16.42127239683645,0.32683026790618896,0.22323119640350342,1.8326674750062582,True
52000,100,51010,52000,0.17496806383132935,1.8801365494728088,5.929164886474609,0.4871681332588196,0.07778182998299599,0.7204061150550842,0.00037487366353161633,0.00013136331835994497,0.007804806111380458,0.006353363394737244,1.0,1648160.0,13.846033573150635,8.059392929077148,0.6571312248706818,0.0,0.019739066250622272,0.7393200695514679,0.2869259715080261,0.2996232956647873,0.625,20.0,8.0,4.0,2.0,2.0,0.4415835738182068,0.0030629425309598446,0.7692307829856873,0.0,0.0,0.4810329079627991,0.2946159988641739,0.36797091364860535,0.48651643097400665,3.0340678691864014,0.0,0.45230837166309357,0.3029395192861557,0.3264840692281723,17.476320266723633,9.205405235290527,0.75372114777565,0.0,0.0,0.8474370539188385,30894.252664692,0.0218009608797729,0.031405191868543625,0.9131004810333252,5e-05,0.07926635816693306,0.08352234587073326,4.432314395904541,38.652658462524414,0.24633193016052246,0.0014881761162541807,0.34855979681015015,0.0,0.0,0.0,0.0,1.0,51505.0,1.6671417922225928,0.0011493691708892584,0.0014217113493941724,0.0012989667593501508,0.1626759022474289,0.0011124745942652225,0.001386242511216551,0.0012633073492906988,0.16237124800682068,0.008130448404699564,0.016136824153363705,-3.12897789478302,-9.42799186706543,0.38461538461538464,0.375,1.474988450231308,0.019004066753075234,15.769531597180883,0.34286877512931824,0.24627885222434998,1.8638159941809995,True
53000,100,52010,53000,0.1765262484550476,1.879518449306488,5.908305644989014,0.4877161979675293,0.07739057764410973,0.7187869846820831,0.0004231173952575773,0.000127182160213124,0.007848239038139582,0.0063947876915335655,1.0,1680160.0,13.846033573150635,7.921101093292236,0.6369964182376862,0.0,0.01947757788002491,0.7289445996284485,0.2823437303304672,0.30048222839832306,0.65625,21.0,8.0,4.0,2.0,2.0,0.45602022111415863,0.004058774095028639,0.7655677795410156,0.0,0.0,0.4851365238428116,0.26906758546829224,0.3676687330007553,0.4902886897325516,3.059557795524597,0.0,0.4623456597328186,0.31085729598999023,0.33526088297367096,17.02342414855957,9.28477144241333,0.7469822764396667,0.0,0.0,0.8490517735481262,31450.616453512106,0.021849469281733036,0.031604595482349396,0.9258775115013123,5e-05,0.07881728559732437,0.08552000299096107,4.40291428565979,38.601932525634766,0.25037650018930435,0.0014996135141700506,0.34727972745895386,0.0,0.0,0.0,0.0,1.0,52505.0,1.6694449926023407,0.001152327749878168,0.001432494434993714,0.001308283826801926,0.16307825595140457,0.0011168470955453813,0.0013924400554969907,0.0012738844379782677,0.1627926081418991,0.00817454420030117,0.016146144829690456,-3.1499682664871216,-9.541767597198486,0.3888888888888889,0.375,1.5009468607226353,0.019117016969859475,15.563372959491357,0.36300358176231384,0.25301772356033325,1.8543920154128526,True
54000,100,53010,54000,0.17485058307647705,1.887210190296173,5.950373888015747,0.4843166619539261,0.078040711581707,0.7205286622047424,0.0003403658920433372,0.00011413321408326738,0.00781200104393065,0.0063371260184794664,1.0,1712160.0,13.846033573150635,8.17443323135376,0.6624984443187714,0.0,0.02079102396965027,0.7423187494277954,0.2415773794054985,0.25401492416858673,0.65625,21.0,8.0,4.0,2.0,2.0,0.4981733411550522,0.0042696925811469555,0.7453703880310059,0.0,0.0,0.4950384646654129,0.25825831294059753,0.3742077797651291,0.4952702969312668,3.073888063430786,0.0,0.4624541699886322,0.31748442351818085,0.34344980120658875,17.789772987365723,9.660701274871826,0.7732622623443604,0.0,0.0,0.8868212103843689,32015.253507924965,0.02174692740663886,0.027604096569120884,0.9255014359951019,5e-05,0.0794350616633892,0.08420214056968689,4.452540397644043,39.11976623535156,0.24557450413703918,0.0015125921345315874,0.3525073975324631,0.0,0.0,0.0,0.0,1.0,53505.0,1.6712346169839205,0.0011635458213277161,0.0014401025255210698,0.0013177632354199886,0.1622527465224266,0.0011282326886430383,0.0013921147910878062,0.001278224925044924,0.16206126660108566,0.008140372578054667,0.016144366934895515,-3.1195679903030396,-9.462907791137695,0.3888888888888889,0.34057973130889563,1.5226259297662423,0.01906098266486001,16.301730497100056,0.33750155568122864,0.22673773765563965,1.869832948588237,True
55000,100,54010,55000,0.17496298998594284,1.8841132521629333,5.924072504043579,0.4857553541660309,0.07754810154438019,0.7196947336196899,0.00034417850838508457,0.00012398557737469673,0.007809064816683531,0.006378569873049855,1.0,1744160.0,13.846033573150635,8.46389102935791,0.6662507653236389,0.0,0.020015069283545017,0.7656101882457733,0.23196259140968323,0.23948681354522705,0.65625,21.0,8.0,4.0,2.0,2.0,0.5071121752262115,0.004352686461061239,0.75,0.0,0.0,0.4997256249189377,0.2725644111633301,0.3782956004142761,0.4960877597332001,3.0765048265457153,0.0,0.4618643671274185,0.3118852227926254,0.33653466403484344,17.910534858703613,9.248147010803223,0.7715511322021484,0.0,0.0,0.8540982007980347,32577.305595137645,0.021521981107071042,0.027194702066481113,0.9163811206817627,5e-05,0.07902957499027252,0.08383921906352043,4.412840127944946,38.015830993652344,0.24639424681663513,0.001515432319138199,0.3536785691976547,0.0,0.0,0.0,0.0,1.0,54505.0,1.673134139440279,0.0011558647966012359,0.0014218806754797697,0.0013020434998907149,0.16292664408683777,0.0011175378458574414,0.0013861331972293556,0.0012657756451517344,0.16263779997825623,0.008176954463124275,0.016144863329827785,-3.034204840660095,-9.62313175201416,0.38095238095238093,0.351470587534063,1.5309469109956027,0.0191319389303235,16.419339144465905,0.3337492346763611,0.22844886779785156,1.8782392618742918,True
56000,100,55010,56000,0.17969610542058945,1.8487923741340637,5.772078990936279,0.49722325801849365,0.0756538137793541,0.7150124311447144,0.0005475619691424072,0.00016597362264292315,0.007851730566471815,0.006243533222004771,1.0,1776160.0,13.846033573150635,8.207798957824707,0.6690935492515564,0.0,0.018691531382501125,0.7625912427902222,0.2522612363100052,0.2580077201128006,0.65625,21.0,8.0,4.0,2.0,2.0,0.468412384390831,0.004379860358312726,0.7777777910232544,0.0,0.0,0.4964808225631714,0.27099840342998505,0.37941835820674896,0.49659912288188934,3.079536199569702,0.0,0.46324363350868225,0.31778137385845184,0.3347156047821045,17.15428352355957,8.837535381317139,0.765316516160965,0.0,0.0,0.8117280602455139,33136.047145141754,0.021536678075790405,0.030722714960575104,0.9138767719268799,5e-05,0.07769013196229935,0.08224967122077942,4.713237524032593,44.28652763366699,0.2446691170334816,0.0017095941584557295,0.3581726998090744,0.0,0.0,0.0,0.0,1.0,55505.0,1.6750648570291993,0.0010802318574860692,0.0013283307780511677,0.001220097707118839,0.1623823046684265,0.0010388256050646305,0.001281195436604321,0.001162865140940994,0.16205036640167236,0.008165324572473764,0.01614322140812874,-3.0430325269699097,-9.906208992004395,0.391304347826087,0.38675213369548833,1.5236872732019435,0.02180956369121174,16.178048984171383,0.3309064507484436,0.23468348383903503,1.8607237718257512,True
57000,100,56010,57000,0.1795855462551117,1.850664734840393,5.764562129974365,0.49475279450416565,0.07559490576386452,0.71490079164505,0.0006197780603542924,0.00017714760906528682,0.007822950836271048,0.006262216484174132,1.0,1808160.0,13.846033573150635,8.02012014389038,0.645990788936615,0.0,0.018160966224968433,0.7392794787883759,0.23931080847978592,0.251259908080101,0.65625,21.0,8.0,4.0,2.0,2.0,0.4937237799167633,0.00366111658513546,0.7752525508403778,0.0,0.0,0.4846659302711487,0.2677921801805496,0.37315869331359863,0.4892052263021469,3.107020378112793,0.0,0.4650842845439911,0.3166971057653427,0.3331723213195801,16.787898063659668,8.773892402648926,0.7678472399711609,0.0,0.0,0.7993422746658325,33691.20522402669,0.021465326426550746,0.03274904377758503,0.9152992069721222,5e-05,0.07735059037804604,0.08380737155675888,4.684558868408203,43.78451919555664,0.2470463216304779,0.0016523327794857323,0.3601098209619522,0.0,0.0,0.0,0.0,1.0,56505.0,1.6771439191160638,0.001093625498469919,0.0013469898840412498,0.0012295237393118441,0.1627710461616516,0.0010541981901042163,0.0012870515929535031,0.0011792837176471949,0.16237462311983109,0.008142170030623674,0.01614248100668192,-2.8319828510284424,-9.833920001983643,0.3888888888888889,0.38095239230564665,1.5169201703156858,0.0210819042851158,15.898731963688729,0.354009211063385,0.2321527600288391,1.8366639795558615,True
58000,100,57010,58000,0.17774877697229385,1.855903148651123,5.807156801223755,0.49204377830028534,0.07587592303752899,0.7168465852737427,0.0005663686897605658,0.00013835488789482042,0.007817653473466635,0.006257819011807442,1.0,1840160.0,13.846033573150635,8.376790046691895,0.6627320647239685,0.0,0.0190828675404191,0.7707183957099915,0.20409071445465088,0.21932266652584076,0.625,20.0,8.0,4.0,2.0,2.0,0.4955761879682541,0.0043559137266129255,0.7673160433769226,0.0,0.0,0.48713329434394836,0.27529147267341614,0.3712203800678253,0.4923751652240753,3.123840570449829,0.0,0.46450649201869965,0.312729150056839,0.3342273384332657,17.10795307159424,8.808101654052734,0.7769370377063751,0.0,0.0,0.8058176040649414,34242.48836245458,0.021469677332788706,0.03200077824294567,0.9268244802951813,5e-05,0.07755953446030617,0.08368317410349846,4.711376428604126,43.83713340759277,0.2412390038371086,0.0017212152015417814,0.36119990050792694,0.0,0.0,0.0,0.0,1.0,57505.0,1.6793464119015804,0.001086145406588912,0.001325042627286166,0.0012154491269029677,0.16304291784763336,0.0010272046783939004,0.0012886738986708224,0.0011524978326633573,0.16276835650205612,0.008134349249303341,0.016137156635522842,-2.7453112602233887,-9.864079475402832,0.3956521739130435,0.3636364015665921,1.5303153558030758,0.021948232093701697,16.268338265437375,0.3372679352760315,0.22306296229362488,1.8526784270397112,True
59000,100,58010,59000,0.17691686749458313,1.8622793555259705,5.803349256515503,0.49088920652866364,0.07610081136226654,0.7168088257312775,0.000467840553028509,0.00013287235924508423,0.007809206144884229,0.0062662099953740835,1.0,1872160.0,13.846033573150635,8.434304237365723,0.6327616274356842,0.0,0.0185215687379241,0.7701376974582672,0.22589730471372604,0.24083103984594345,0.625,20.0,8.0,4.0,2.0,2.0,0.49012888967990875,0.0036731797736138105,0.7777777910232544,0.0,0.0,0.4785991311073303,0.27368614077568054,0.36442267894744873,0.4853823035955429,3.1418687105178833,0.0,0.4598979651927948,0.31164947152137756,0.32995106279850006,17.30739974975586,8.84877634048462,0.776388943195343,0.0,0.0,0.8097898364067078,34803.37091590208,0.021430471446365118,0.02889206912368536,0.9157524406909943,5e-05,0.07765665650367737,0.08235520496964455,4.763451337814331,46.15157699584961,0.24325263500213623,0.001756942248903215,0.363721027970314,0.0,0.0,0.0,0.0,1.0,58505.0,1.6808761970571717,0.0010780266020447016,0.0013221935369074345,0.0012096966383978724,0.16315782815217972,0.001020538154989481,0.001275918970350176,0.0011588087654672563,0.16283316910266876,0.008135005366057158,0.01614231150597334,-2.8267030715942383,-9.880074501037598,0.4,0.3809523937248048,1.523750968167036,0.022598690232006804,16.468130849155273,0.3672383725643158,0.22361105680465698,1.8838644515229284,True
60000,100,59010,60000,0.17699488997459412,1.8719828724861145,5.858734130859375,0.48952920734882355,0.07679465413093567,0.7177060544490814,0.0003857802221318707,0.00014179910067468882,0.007830621674656868,0.006212174892425537,1.0,1904160.0,13.846033573150635,8.437024116516113,0.6647365987300873,0.0,0.020103352144360542,0.7701913118362427,0.24533966928720474,0.2503964975476265,0.625,20.0,8.0,4.0,2.0,2.0,0.4526267945766449,0.0029642186127603054,0.7752525508403778,0.0,0.0,0.48515693843364716,0.2520372271537781,0.3771110624074936,0.4877052307128906,3.1438610553741455,0.0,0.4538322985172272,0.3075235038995743,0.33009999990463257,17.478635787963867,9.120341300964355,0.7686277329921722,0.0,0.0,0.8309504985809326,35403.368290945655,0.02187133999541402,0.02839904185384512,0.9046860933303833,5e-05,0.07848983630537987,0.08115234598517418,4.684396743774414,44.09873390197754,0.24159707129001617,0.0016992426244542003,0.3619813919067383,0.0,0.0,0.0,0.0,1.0,59505.0,1.6807722787195303,0.0010884151561185718,0.001404505455866456,0.0012562081101350486,0.1623392552137375,0.0010562549578025937,0.001380346657242626,0.0012340135872364044,0.16200202703475952,0.008154004346579313,0.01613256987184286,-3.094733953475952,-9.630051136016846,0.4090909090909091,0.35681819265538994,1.5328414917683446,0.021483175461316603,16.227467837750464,0.3352634012699127,0.23137226700782776,1.8782186129777139,True
61000,100,60010,61000,0.17907770723104477,1.8603057265281677,5.84077000617981,0.49328234791755676,0.07654879242181778,0.715621143579483,0.0005166743067093194,0.00023033620527712628,0.007835282012820244,0.006289393408223987,1.0,1936160.0,13.846033573150635,8.097870349884033,0.6324094235897064,0.0,0.019498313777148724,0.7453585267066956,0.2851630598306656,0.29250432550907135,0.625,20.0,8.0,4.0,2.0,2.0,0.4259297400712967,0.0037747781025245786,0.800000011920929,0.0,0.0,0.48488248884677887,0.25650790333747864,0.37511205673217773,0.48919089138507843,3.1667726039886475,0.0,0.45746348798274994,0.31064678728580475,0.33240118622779846,16.800180435180664,8.827225685119629,0.7437896728515625,0.0,0.0,0.8107952773571014,35971.352798582986,0.02129558357410133,0.03142022714018822,0.9008830785751343,5e-05,0.07821927592158318,0.08594142273068428,4.501896381378174,41.47152900695801,0.2493341639637947,0.0015884462045505643,0.35679787397384644,0.0,0.0,0.0,0.0,1.0,60505.0,1.6820329313003792,0.0011132979416288435,0.0014222406898625195,0.0012790958280675113,0.1623487025499344,0.0010877922177314758,0.0013931920402683318,0.001256834133528173,0.16202881932258606,0.008127742446959019,0.01613898016512394,-3.10866641998291,-9.469565868377686,0.4090909090909091,0.3913043892901877,1.54495727376435,0.020508668681067335,15.74322596381454,0.3675905764102936,0.2562103271484375,1.880190988231415,True
62000,100,61010,62000,0.17748208343982697,1.8670125603675842,5.834903001785278,0.4900299310684204,0.07672210410237312,0.7169910073280334,0.000505172269186005,0.0002394208568148315,0.007827519904822111,0.006204432807862759,1.0,1968160.0,13.846033573150635,8.025815486907959,0.6590177118778229,0.0,0.019378898665308952,0.7414016425609589,0.2504112124443054,0.2543676495552063,0.640625,20.5,8.0,4.0,2.0,2.0,0.4516228288412094,0.003920447081327438,0.782608687877655,0.0,0.0,0.47728079557418823,0.24239730834960938,0.36592811346054077,0.4857846200466156,3.199105739593506,0.0,0.4512270390987396,0.3099038600921631,0.331802636384964,16.761006355285645,8.809473514556885,0.7666274309158325,0.0,0.0,0.8051095902919769,36525.044009761186,0.0211768071167171,0.03184357285499573,0.9016406238079071,5e-05,0.07838556915521622,0.0850619226694107,4.604769945144653,43.75242805480957,0.24720196425914764,0.0016770254005677998,0.36037202179431915,0.0,0.0,0.0,0.0,1.0,61505.0,1.6839130959885966,0.0011255377903580666,0.001448536873795092,0.0013052792637608945,0.1625884473323822,0.001095257408451289,0.0014184505562298,0.0012788022868335247,0.16226425766944885,0.008175588212907314,0.016146326437592506,-3.0722544193267822,-9.608827590942383,0.4090909090909091,0.3849206320823185,1.549209181468047,0.02131917028073387,16.141164831575722,0.3409822881221771,0.23337256908416748,1.8538891649012283,True
63000,100,62010,63000,0.1768685206770897,1.863040804862976,5.82149863243103,0.48963041603565216,0.0762416236102581,0.718045175075531,0.0004051188298035413,0.00016670551121933386,0.007784564746543765,0.006213461514562368,1.0,2000160.0,13.846033573150635,8.177081108093262,0.6308144927024841,0.0,0.019663644023239613,0.7534121572971344,0.26448939740657806,0.2760534882545471,0.625,20.0,8.0,4.0,2.0,2.0,0.4436313658952713,0.0033058339031413198,0.800000011920929,0.0,0.0,0.47859393060207367,0.248665951192379,0.3699505478143692,0.4842290133237839,3.2128257751464844,0.0,0.45174556970596313,0.31145113706588745,0.33113087713718414,17.08000659942627,8.972765445709229,0.7658717036247253,0.0,0.0,0.8200973272323608,37084.13481729408,0.021402668673545122,0.028381251730024815,0.9051578938961029,5e-05,0.07774634659290314,0.0835922621190548,4.490257501602173,40.35679244995117,0.24494491517543793,0.001554531860165298,0.3622417449951172,0.0,0.0,0.0,0.0,1.0,62505.0,1.6854916603754284,0.0010988471331074834,0.0014276484143920243,0.0012767587322741747,0.16246136277914047,0.0010681819403544068,0.001391804195009172,0.0012509507359936833,0.1621416136622429,0.008146071806550026,0.016146227717399597,-3.1358344554901123,-9.426611423492432,0.4166666666666667,0.38095239230564665,1.554117596148,0.020212643025002083,16.354636646236155,0.36918550729751587,0.23412829637527466,1.8901599405257787,True
64000,100,63010,64000,0.1775316223502159,1.871086299419403,5.867868185043335,0.48958919942379,0.07699065655469894,0.7175470590591431,0.0003624538367148489,0.00010591242971713655,0.007795093348249793,0.006142336176708341,1.0,2032160.0,13.846033573150635,8.838958263397217,0.6631996929645538,0.0,0.01966181304305792,0.8139570355415344,0.22419901937246323,0.23735152184963226,0.625,20.0,8.0,4.0,2.0,2.0,0.49309252202510834,0.003836560994386673,0.800000011920929,0.0,0.0,0.4718938171863556,0.25304079055786133,0.35273130238056183,0.47351276874542236,3.220406413078308,0.0,0.44740960001945496,0.3074178397655487,0.32753363251686096,18.243717193603516,9.399083137512207,0.7707055807113647,0.0,0.0,0.8606759905815125,37652.30108856014,0.021174656925722957,0.028874709270894527,0.9125014543533325,5e-05,0.07840760424733162,0.08338857442140579,4.565563678741455,40.93377685546875,0.24635207653045654,0.0015882131992839277,0.36282189190387726,0.0,0.0,0.0,0.0,1.0,63505.0,1.6866167036160733,0.0011334469891153276,0.0014293722342699766,0.0012936873245052993,0.16338708996772766,0.0010763586033135653,0.0013851305120624602,0.0012552280095405877,0.16311795264482498,0.008142028003931046,0.016139409504830837,-3.1016621589660645,-9.521200180053711,0.39009661835748793,0.3779762174401965,1.5379832403168763,0.02014381100959313,16.31608877251088,0.33680030703544617,0.22929441928863525,1.8838160499129681,True
65000,100,64010,65000,0.17809025198221207,1.8576231002807617,5.804092168807983,0.49432413280010223,0.07625187933444977,0.7156665623188019,0.0005481029802467674,0.00016921047790674493,0.007757515646517277,0.006117407698184252,1.0,2064160.0,13.846033573150635,9.12942886352539,0.6635038256645203,0.0,0.019357435405254364,0.8466859459877014,0.2323223128914833,0.2421840950846672,0.609375,19.5,8.0,4.0,2.0,2.0,0.5082977414131165,0.003482964471913874,0.7752525508403778,0.0,0.0,0.46884627640247345,0.26173534989356995,0.35649026930332184,0.47309155762195587,3.238171935081482,0.0,0.4503375440835953,0.31277041137218475,0.3296951651573181,18.597783088684082,9.550132274627686,0.7690459489822388,0.0,0.0,0.8790361881256104,38207.1969539565,0.02143648499622941,0.028387376107275486,0.9021397829055786,5e-05,0.07795627415180206,0.0849454402923584,4.590625286102295,42.26266670227051,0.24848319590091705,0.0016098907799459994,0.3592354506254196,0.0,0.0,0.0,0.0,1.0,64505.0,1.688300199477693,0.0011252861586399376,0.0014138547121547163,0.0012904215836897492,0.16450625658035278,0.0010714431409724057,0.0013587519060820341,0.0012335297651588917,0.16424958407878876,0.008157911244779825,0.01613803580403328,-3.1326550245285034,-9.53138256072998,0.3888888888888889,0.37171054043267904,1.5464153710994992,0.020741129119836443,15.928698748066324,0.33649617433547974,0.23095405101776123,1.8427577602965122,True
66000,100,65010,66000,0.178046815097332,1.8598675727844238,5.825314283370972,0.491937592625618,0.0765385776758194,0.7168111205101013,0.0005292784480843693,0.0001431308701285161,0.00778898736461997,0.0061508656945079565,1.0,2096160.0,13.846033573150635,8.856861114501953,0.667054295539856,0.0,0.019683697260916233,0.8138506412506104,0.21620290726423264,0.22635728120803833,0.625,20.0,8.0,4.0,2.0,2.0,0.5116453468799591,0.004469443811103702,0.7841615080833435,0.0,0.0,0.46403375267982483,0.26606485247612,0.3498045653104782,0.46652737259864807,3.27077853679657,0.0,0.4493511766195297,0.31110891699790955,0.3298055827617645,18.522462844848633,9.557202339172363,0.7689914107322693,0.0,0.0,0.8808867633342743,38765.76363147609,0.02162676164880395,0.03128395229578018,0.9221196472644806,5e-05,0.0781412422657013,0.08305921405553818,4.571847677230835,41.77617645263672,0.24171055108308792,0.0015716470079496503,0.3629085123538971,0.0,0.0,0.0,0.0,1.0,65505.0,1.6897642099187924,0.0011097310343757272,0.0013921853969804943,0.0012577316956594586,0.16448905318975449,0.001063068921212107,0.0013451754348352551,0.001215810771100223,0.16424089670181274,0.008144095074385405,0.01614068355411291,-3.1147576570510864,-9.44601583480835,0.39009661835748793,0.3849206306631603,1.54043405610728,0.0208919693428253,16.29535149716188,0.33294570446014404,0.2310085892677307,1.8590055880831287,True
67000,100,66010,67000,0.17661339789628983,1.8669820427894592,5.83516001701355,0.48950736224651337,0.07657809555530548,0.7183886170387268,0.00036646264197770506,8.38160231069196e-05,0.007761002751067281,0.006105955922976136,1.0,2128160.0,13.846033573150635,9.364438533782959,0.637451708316803,0.0,0.019875877536833286,0.8631337285041809,0.22774972021579742,0.2331380918622017,0.625,20.0,8.0,4.0,2.0,2.0,0.45498132705688477,0.004022115492261946,0.7777777910232544,0.0,0.0,0.4607876092195511,0.25033339858055115,0.33954793214797974,0.46427007019519806,3.286850333213806,0.0,0.448522225022316,0.31053997576236725,0.32674001157283783,18.99547576904297,9.696744918823242,0.7769384980201721,0.0,0.0,0.8944604992866516,39328.804036826594,0.021385900443419814,0.0305275684222579,0.9245190024375916,5e-05,0.0782277062535286,0.0823272168636322,4.608551025390625,42.75958061218262,0.24190181493759155,0.0016395692364312708,0.3642655462026596,0.0,0.0,0.0,0.0,1.0,66505.0,1.6909920486047674,0.0011389681603759527,0.0014121981803327799,0.0012882997980341315,0.16405373811721802,0.0010814672568812966,0.001362997223623097,0.0012415996170602739,0.16380620747804642,0.008173581212759018,0.01614398881793022,-3.177105188369751,-9.500157356262207,0.4,0.375,1.5331196751418545,0.020891000572900376,17.117152736028807,0.362548291683197,0.22306150197982788,1.8637714796409466,True
68000,100,67010,68000,0.17609348893165588,1.8729609847068787,5.891451120376587,0.4887850731611252,0.07720603793859482,0.7205586135387421,0.0002594493853393942,8.376470213988796e-05,0.007817234843969345,0.006315590813755989,1.0,2160160.0,13.846033573150635,8.845796585083008,0.6527698040008545,0.0,0.021060828119516373,0.816877543926239,0.2252030298113823,0.23990623652935028,0.625,20.0,8.0,4.0,2.0,2.0,0.4961720257997513,0.0035748942755162716,0.7836257517337799,0.0,0.0,0.47168511152267456,0.2604489028453827,0.3346147835254669,0.4706946313381195,3.2953848838806152,0.0,0.4418296366930008,0.3049330562353134,0.3235059380531311,18.390729904174805,9.567214965820312,0.7768608033657074,0.0,0.0,0.8822186589241028,39899.67446404393,0.021162329241633415,0.025618678890168667,0.9286436438560486,5e-05,0.0788494199514389,0.08170345425605774,4.645378351211548,44.054466247558594,0.24005663394927979,0.0016758667188696563,0.36711540818214417,0.0,0.0,0.0,0.0,1.0,67505.0,1.6918423518887469,0.0011423801770433784,0.0014054377097636461,0.0012929204967804253,0.16394423693418503,0.0010964075336232781,0.0013513574376702309,0.0012414015363901854,0.1636795550584793,0.008169759530574083,0.01614303980022669,-3.0923718214035034,-9.7293701171875,0.3888888888888889,0.3888889021343655,1.559014210386497,0.021567222200551357,16.82018091206288,0.3472301959991455,0.2231391966342926,1.8831053764492616,True
69000,100,68010,69000,0.17701879143714905,1.8774548172950745,5.915109157562256,0.4874390512704849,0.07752347365021706,0.7198966443538666,0.0005650048842653632,0.00018388887838227674,0.007933198474347591,0.006433550035580993,1.0,2192160.0,13.846033573150635,8.550997734069824,0.6401646435260773,0.0,0.020697731524705887,0.7897590696811676,0.29323627054691315,0.3040502071380615,0.65625,21.0,8.0,4.0,2.0,2.0,0.46845556795597076,0.004567669937387109,0.7999999523162842,0.0,0.0,0.4760173559188843,0.26788628101348877,0.34974220395088196,0.47442634403705597,3.3179222345352173,0.0,0.4467581957578659,0.3041751831769943,0.32606618106365204,17.753917694091797,9.233922481536865,0.7391174137592316,0.0,0.0,0.8474316596984863,40467.37505032355,0.021801457973197103,0.028241422958672047,0.9035824239253998,5e-05,0.07926131784915924,0.08554687723517418,4.63128399848938,43.1844425201416,0.254049152135849,0.0016773102688603103,0.35885317623615265,0.0,0.0,0.0,0.0,1.0,68505.0,1.6923279765128343,0.0011810174328275025,0.0014300884795375168,0.0013159493682906032,0.16308129578828812,0.0011354053276591003,0.0013885349035263062,0.0012724217376671731,0.16282058507204056,0.008141938596963882,0.016141347587108612,-3.1242793798446655,-9.858727931976318,0.38095238095238093,0.4045454659245231,1.5793709209963467,0.021365768899161926,16.023793824775247,0.35983535647392273,0.26088258624076843,1.8481202763542166,True
70000,100,69010,70000,0.17631201446056366,1.8773291110992432,5.909579277038574,0.48773540556430817,0.07730768620967865,0.7204088270664215,0.0005889805033802986,0.00024520386796211824,0.007900172844529152,0.006423601880669594,1.0,2224160.0,13.846033573150635,8.47146463394165,0.6309686899185181,0.0,0.02049789298325777,0.7818269431591034,0.3080513924360275,0.3199060559272766,0.65625,21.0,8.0,4.0,2.0,2.0,0.44380128383636475,0.003943136194720864,0.7886905074119568,0.0,0.0,0.4752103388309479,0.27005845308303833,0.347786083817482,0.47387053072452545,3.3479422330856323,0.0,0.44421836733818054,0.3072568029165268,0.3311620354652405,17.55666732788086,9.040704250335693,0.7348758578300476,0.0,0.0,0.8269908428192139,41123.90130607574,0.021231725811958313,0.029875710606575012,0.9041201174259186,5e-05,0.07908037677407265,0.08429877832531929,4.579873323440552,43.26851272583008,0.2545188218355179,0.001667230506427586,0.35530950129032135,0.0,0.0,0.0,0.0,1.0,69505.0,1.6901434428447435,0.0011797246406786144,0.0014172333758324385,0.0012984673376195133,0.16235597431659698,0.001130867109168321,0.00137492356589064,0.0012595168082043529,0.1621059700846672,0.008152590598911047,0.016140797175467014,-3.088063359260559,-9.812296867370605,0.38278388278388276,0.3956521946450938,1.589132383559381,0.02148628595843309,15.665791038486343,0.36903131008148193,0.2651241421699524,1.8328141672358882,True
71000,100,70010,71000,0.1748306155204773,1.8881389498710632,5.949333906173706,0.48477356135845184,0.07796068117022514,0.7212240397930145,0.0004186196601949632,0.00012159003017586656,0.007881634403020144,0.00638788309879601,1.0,2256160.0,13.846033573150635,8.505565643310547,0.6489189863204956,0.0,0.020954293198883533,0.7865571081638336,0.2671538442373276,0.2762652784585953,0.65625,21.0,8.0,4.0,2.0,2.0,0.44663897156715393,0.004507167497649789,0.8095238208770752,0.0,0.0,0.46955396234989166,0.27097709476947784,0.3541015088558197,0.4746294468641281,3.3550078868865967,0.0,0.4455249160528183,0.31210556626319885,0.33038753271102905,17.40779972076416,9.017310619354248,0.7620834410190582,0.0,0.0,0.8153770565986633,41768.52817712864,0.02135079400613904,0.028807559981942177,0.9069911241531372,5e-05,0.07964832335710526,0.08424611017107964,4.549541473388672,42.7271671295166,0.2413707599043846,0.0016928749391809106,0.3626285791397095,0.0,0.0,0.0,0.0,1.0,70505.0,1.6881510447548234,0.0011900198878720403,0.0014180626021698117,0.0013067246763966978,0.1620049998164177,0.0011399021605029702,0.0013768327189609408,0.001260773919057101,0.1616804152727127,0.008166773244738579,0.016140000894665718,-3.030651092529297,-9.822007179260254,0.3888888888888889,0.40909096327694977,1.5985843299689435,0.02138490543761426,16.31015306743319,0.3510810136795044,0.23791655898094177,1.8381861112151507,True
72000,100,71010,72000,0.1748044341802597,1.8919786214828491,5.962216138839722,0.4832453280687332,0.07807807624340057,0.7206641733646393,0.00027502066222950816,9.455902181798592e-05,0.007915720343589783,0.006340984022244811,1.0,2288160.0,13.846033573150635,8.47545051574707,0.649028867483139,0.0,0.02090132888406515,0.7878088355064392,0.2557978928089142,0.27850571274757385,0.65625,21.0,8.0,4.0,2.0,2.0,0.4745027869939804,0.003231295384466648,0.7894737124443054,0.0,0.0,0.4789332449436188,0.28476621210575104,0.35501979291439056,0.4808702766895294,3.3440847396850586,0.0,0.45570388436317444,0.3145616799592972,0.3382834196090698,17.687822341918945,9.319249153137207,0.7699283957481384,0.0,0.0,0.8523374795913696,42388.994057833916,0.021174352383241057,0.024192290380597115,0.9105662107467651,5e-05,0.07952680438756943,0.08322011306881905,4.59578800201416,42.05434989929199,0.24362894147634506,0.0016356345149688423,0.36546701192855835,0.0,0.0,0.0,0.0,1.0,71505.0,1.6869061454557182,0.0011869121226482093,0.0014247031067498028,0.0013174701598472893,0.16352955996990204,0.0011416565394029021,0.001387333672028035,0.0012798220850527287,0.16323675960302353,0.008138997945934534,0.016138114035129547,-3.1426801681518555,-9.851129531860352,0.39009661835748793,0.3999999713897705,1.6075621687802837,0.021415885915115142,16.340106959850523,0.35097113251686096,0.23007160425186157,1.8422346713009978,True
73000,100,72010,73000,0.17761054635047913,1.8636006712913513,5.832966089248657,0.490761861205101,0.07633485272526741,0.7182901203632355,0.0003840351273538545,0.00015015535609563813,0.007875850424170494,0.006266604410484433,1.0,2320160.0,13.846033573150635,8.25878381729126,0.641030341386795,0.0,0.019939889200031757,0.7619321048259735,0.23946821689605713,0.2526027262210846,0.625,20.0,8.0,4.0,2.0,2.0,0.4866156429052353,0.003195247147232294,0.7894737124443054,0.0,0.0,0.47792741656303406,0.2991460710763931,0.3513699471950531,0.478513240814209,3.35651957988739,0.0,0.4503912031650543,0.3138096183538437,0.329835906624794,17.205199241638184,8.945260524749756,0.7522796094417572,0.0,0.0,0.8181061446666718,42962.6900634116,0.021069207694381475,0.02973278984427452,0.9213496148586273,5e-05,0.07804680615663528,0.08417655900120735,4.676094055175781,44.124019622802734,0.24672788381576538,0.0016832795226946473,0.36637134850025177,0.0,0.0,0.0,0.0,1.0,72505.0,1.6876270981655075,0.0011565211461856961,0.00140078499680385,0.0012921973830088973,0.16387127339839935,0.0011118616675958037,0.0013684021541848779,0.0012560085160657763,0.16358335316181183,0.008151776157319546,0.016138587146997452,-3.051654577255249,-9.230995178222656,0.39009661835748793,0.3900966210929668,1.5998661766652376,0.02184221024146122,16.25408365685631,0.35896965861320496,0.2477203905582428,1.8336139539330516,True
74000,100,73010,74000,0.1789247915148735,1.8645609021186829,5.848857402801514,0.4915260225534439,0.07691566273570061,0.7180274724960327,0.0004569997690850869,0.00016688126197550446,0.007835691794753075,0.006260819500312209,1.0,2352160.0,13.846033573150635,8.256640434265137,0.6514600217342377,0.0,0.019008055329322815,0.7574270963668823,0.24819476157426834,0.261935219168663,0.625,20.0,8.0,4.0,2.0,2.0,0.47346292436122894,0.0038256754633039236,0.7777777910232544,0.0,0.0,0.47308605909347534,0.27386605739593506,0.33139224350452423,0.4734000414609909,3.3845925331115723,0.0,0.446456715464592,0.3100415915250778,0.3295832574367523,17.021682739257812,8.890260696411133,0.7472826242446899,0.0,0.0,0.8170629739761353,43526.18610624899,0.021152737783268094,0.03270741552114487,0.924669623374939,5e-05,0.0784699060022831,0.08503280952572823,4.581974983215332,43.025930404663086,0.2498139888048172,0.0016442766063846648,0.3671872764825821,0.0,0.0,0.0,0.0,1.0,73505.0,1.6887535191367586,0.0011566830798983574,0.0013964077224954963,0.0012897917767986655,0.16402845084667206,0.001109285221900791,0.0013620947138406336,0.0012519966694526374,0.1638054996728897,0.008113857358694077,0.01613667793571949,-3.0705565214157104,-9.243775367736816,0.3888888888888889,0.40000001192092893,1.6013755436291177,0.021192630594327102,16.197902772760685,0.34853997826576233,0.25271737575531006,1.8266319852113457,True
75000,100,74010,75000,0.17673564702272415,1.8765887022018433,5.891214847564697,0.4884985238313675,0.07723405584692955,0.7189538180828094,0.00045359924843069166,0.00012299001537030563,0.007877962198108435,0.006248896708711982,1.0,2384160.0,13.846033573150635,8.081362247467041,0.6486538946628571,0.0,0.019663852639496326,0.7406269609928131,0.23107006400823593,0.24473094940185547,0.625,20.0,8.0,4.0,2.0,2.0,0.4816967397928238,0.003972631646320224,0.7894737124443054,0.0,0.0,0.46871063113212585,0.2613692879676819,0.3373052179813385,0.47044385969638824,3.4176653623580933,0.0,0.4480540007352829,0.313748300075531,0.3315265625715256,16.972054481506348,8.876058578491211,0.7572382390499115,0.0,0.0,0.8081977367401123,44091.261570395436,0.02152757695876062,0.03290668502449989,0.9167934358119965,5e-05,0.07880687341094017,0.08437500149011612,4.5724265575408936,41.029823303222656,0.24833902716636658,0.0016161290695890784,0.3653355836868286,0.0,0.0,0.0,0.0,1.0,74505.0,1.6897920682313656,0.0011491067125461996,0.0014164010062813759,0.0013010543771088123,0.16398856043815613,0.001105880073737353,0.0013776333653368056,0.0012638649786822498,0.16369983553886414,0.008146658074110746,0.01613995060324669,-2.994714617729187,-9.236328601837158,0.391304347826087,0.38888887233204317,1.6029245364286204,0.02066331173099345,16.416359005095543,0.35134610533714294,0.2427617609500885,1.8439705686758345,True
76000,100,75010,76000,0.17623447626829147,1.8761082291603088,5.876025676727295,0.4874231368303299,0.07694852724671364,0.7193082273006439,0.0004024219233542681,0.00012689815775956959,0.007913519628345966,0.00625239685177803,1.0,2416160.0,13.846033573150635,8.144350528717041,0.6362062990665436,0.0,0.02032754383981228,0.7553153932094574,0.24211753904819489,0.2567753195762634,0.625,20.0,8.0,4.0,2.0,2.0,0.4727810472249985,0.003989757504314184,0.7894737124443054,0.0,0.0,0.460930734872818,0.25235597789287567,0.33552221953868866,0.4641219973564148,3.4387468099594116,0.0,0.43661922216415405,0.3100763410329819,0.328356072306633,16.89617919921875,8.778765201568604,0.7429766058921814,0.0,0.0,0.7984125912189484,44662.81635946967,0.02148741390556097,0.028781067579984665,0.9179240763187408,5e-05,0.07838087156414986,0.08339843899011612,4.4851908683776855,40.209821701049805,0.2448529452085495,0.0015539824380539358,0.36684446036815643,0.0,0.0,0.0,0.0,1.0,75505.0,1.6905769303394762,0.001161786261945963,0.0014195386902429163,0.0013135009794496,0.16377316415309906,0.0011233197874389589,0.0013832573895342648,0.0012728775036521256,0.16352085769176483,0.008160024415701628,0.016137457452714443,-3.0345386266708374,-9.260753154754639,0.3956521739130435,0.40000001192092893,1.5942559987146723,0.020602464390787965,16.387413151689046,0.3637937009334564,0.2570233941078186,1.8333253747150051,True
77000,100,76010,77000,0.17852053046226501,1.8530051708221436,5.78298544883728,0.49357928335666656,0.07576607540249825,0.7161944508552551,0.00041056956979446113,0.00019332552619744092,0.007795744808390737,0.00626131403259933,1.0,2448160.0,13.846033573150635,8.869050979614258,0.6704841256141663,0.0,0.020717144012451172,0.8225163519382477,0.24446306377649307,0.2525196298956871,0.65625,21.0,8.0,4.0,2.0,2.0,0.4735330790281296,0.004224912961944938,0.7687166035175323,0.0,0.0,0.4600460082292557,0.2670811414718628,0.3389051854610443,0.455098420381546,3.4425686597824097,0.0,0.4367445409297943,0.29913410544395447,0.3219945877790451,18.351866722106934,9.366631984710693,0.7619853913784027,0.0,0.0,0.8589659035205841,45231.65916936775,0.021404665894806385,0.029548724181950092,0.9230375587940216,5e-05,0.07718605920672417,0.08477393537759781,4.471613168716431,40.190656661987305,0.2498471364378929,0.0015540200984105468,0.36524254083633423,0.0,0.0,0.0,0.0,1.0,76505.0,1.6914190058472172,0.0011868979781866074,0.0015054659452289343,0.0013661178527399898,0.16339775174856186,0.00115375587483868,0.001467214955482632,0.001325884775724262,0.1631319299340248,0.008130122907459736,0.01614071149379015,-3.392012596130371,-9.354241847991943,0.4,0.36363640969449823,1.5779314590069795,0.020200901570292626,15.825709427339962,0.32951587438583374,0.2380146086215973,1.839696616056475,True
78000,100,77010,78000,0.17925623059272766,1.853685736656189,5.7808918952941895,0.494354784488678,0.07603705674409866,0.714889407157898,0.000602124520810321,0.0002724181395024061,0.007829435169696808,0.00626731850206852,1.0,2480160.0,13.846033573150635,8.660991668701172,0.6536311209201813,0.0,0.020219421945512295,0.8037066459655762,0.252003975212574,0.2629719227552414,0.640625,20.5,8.0,4.0,2.0,2.0,0.46129317581653595,0.00363278784789145,0.7687166035175323,0.0,0.0,0.4623391181230545,0.2600961774587631,0.3278662860393524,0.4572007954120636,3.4741642475128174,0.0,0.4378111958503723,0.30391792953014374,0.3251058757305145,17.95164966583252,9.319233894348145,0.7575805187225342,0.0,0.0,0.8545553386211395,45794.18799148663,0.021342484513297677,0.03174126148223877,0.9202515184879303,5e-05,0.07743699103593826,0.08727144449949265,4.449169635772705,40.00800895690918,0.2575714737176895,0.00154589005978778,0.3665248900651932,0.0,0.0,0.0,0.0,1.0,77505.0,1.692463680585782,0.0011757598258554935,0.0014902285765856504,0.0013466196251101792,0.16366901993751526,0.0011376372422091663,0.0014610980288125575,0.0013158601941540837,0.163398377597332,0.008155357092618942,0.01614377647638321,-3.4072492122650146,-9.580935001373291,0.4,0.3684210510630357,1.5919258123287392,0.020155418398665872,15.14669486349427,0.3463688790798187,0.24241948127746582,1.863169591821178,True
79000,100,78010,79000,0.17818981409072876,1.8602511882781982,5.79911470413208,0.49192504584789276,0.07604028284549713,0.7178571224212646,0.00038156789378263056,0.00012955384590895846,0.007846185471862555,0.006258461158722639,1.0,2512160.0,13.846033573150635,8.485897541046143,0.659302830696106,0.0,0.020684802904725075,0.7826206386089325,0.24945808202028275,0.26206551492214203,0.625,20.0,8.0,4.0,2.0,2.0,0.4748944193124771,0.004057754063978791,0.782608687877655,0.0,0.0,0.4597741812467575,0.2541085332632065,0.3191838264465332,0.4556872248649597,3.4913769960403442,0.0,0.43436001241207123,0.3026690036058426,0.32511261105537415,17.931726455688477,9.299947261810303,0.7641636729240417,0.0,0.0,0.8523674607276917,46356.841417256044,0.02166514517739415,0.032414939254522324,0.9307383596897125,5e-05,0.07772646844387054,0.08560505136847496,4.445450305938721,40.41843605041504,0.24885720759630203,0.0015523391193710268,0.36515145003795624,0.0,0.0,0.0,0.0,1.0,78505.0,1.6934999084381208,0.0011906206491403282,0.0015093982219696045,0.001360156573355198,0.1639929860830307,0.0011548650218173862,0.0014789765700697899,0.0013290127972140908,0.16374322772026062,0.00815084483474493,0.016133906319737434,-3.2691383361816406,-9.561496257781982,0.4,0.38461539607781625,1.5972920041108338,0.020144566352482705,15.923557078639845,0.34069716930389404,0.23583632707595825,1.8530694412924986,True
80000,100,79010,80000,0.17706095427274704,1.8591272234916687,5.786320686340332,0.4907328635454178,0.07603645324707031,0.7168688178062439,0.00040424206235911697,0.00012801169214071706,0.007810268783941865,0.006221095798537135,1.0,2544160.0,13.846033573150635,8.533738136291504,0.6434545814990997,0.0,0.020497013814747334,0.7863299548625946,0.25195247679948807,0.25175078958272934,0.65625,21.0,8.0,4.0,2.0,2.0,0.4493599236011505,0.003680482506752014,0.7669683396816254,0.0,0.0,0.4634544551372528,0.2484348714351654,0.3268790990114212,0.45948128402233124,3.4960994720458984,0.0,0.4360193610191345,0.30661705136299133,0.32867787778377533,17.78997039794922,9.269394397735596,0.7683486938476562,0.0,0.0,0.8514983057975769,46923.66631583078,0.0213438558857888,0.029250003397464752,0.9339887797832489,5e-05,0.07744134217500687,0.08626994490623474,4.4355199337005615,39.389163970947266,0.2547309845685959,0.001543535792734474,0.3664521127939224,0.0,0.0,0.0,0.0,1.0,79505.0,1.694340865316637,0.001205413427669555,0.0015101718017831445,0.0013685408048331738,0.16436299681663513,0.0011709288228303194,0.0014753025025129318,0.0013353833928704262,0.1640424206852913,0.008146292064338923,0.01613832265138626,-3.239814519882202,-9.547476291656494,0.40454545454545454,0.36363640969449823,1.6116510777535638,0.02076045559661299,15.932459182610494,0.35654541850090027,0.23165130615234375,1.874270383191627,True
81000,100,80010,81000,0.17719608545303345,1.8607308864593506,5.816007137298584,0.49209026992321014,0.07625473290681839,0.7177973091602325,0.0003934550186386332,0.000159492738021072,0.007833476644009352,0.006202259100973606,1.0,2576160.0,13.846033573150635,8.452202320098877,0.6458694338798523,0.0,0.019241636618971825,0.7744122445583344,0.26518701016902924,0.27283579111099243,0.640625,20.5,8.0,4.0,2.0,2.0,0.4458383172750473,0.0036194680724292994,0.7801932394504547,0.0,0.0,0.46146973967552185,0.2411646917462349,0.32472941279411316,0.46390390396118164,3.4804660081863403,0.0,0.43178223073482513,0.31089814007282257,0.32919321954250336,17.408873558044434,9.064530372619629,0.7612239122390747,0.0,0.0,0.8310798406600952,47504.528964303434,0.02129405504092574,0.028061870485544205,0.9062564969062805,5e-05,0.07794834673404694,0.08287985995411873,4.660112619400024,43.80504608154297,0.24727393686771393,0.0016597104258835316,0.3733931928873062,0.0,0.0,0.0,0.0,1.0,80505.0,1.6946805223297252,0.0010759112192317843,0.0013241996639408171,0.0012045399053022265,0.16321979463100433,0.0010360791347920895,0.0012850085040554404,0.0011648373329080641,0.16295889019966125,0.008164952043443918,0.01614298950880766,-3.0043768882751465,-9.509260177612305,0.3956521739130435,0.38095239088648847,1.613236797122724,0.021472363941116866,15.996987930757394,0.3541305661201477,0.2387760877609253,1.8592563747117037,True
82000,100,81010,82000,0.1812478005886078,1.8493520617485046,5.778915643692017,0.4975932687520981,0.0759710855782032,0.716552197933197,0.0005378017958719283,0.0002615650155348703,0.007921623531728983,0.0060996918473392725,1.0,2608160.0,13.846033573150635,8.352610111236572,0.6482042670249939,0.0,0.01838683243840933,0.7690203487873077,0.2837548851966858,0.29008907079696655,0.625,20.0,8.0,4.0,2.0,2.0,0.4564870148897171,0.003452929435297847,0.782608687877655,0.0,0.0,0.46435150504112244,0.24369042366743088,0.3165164738893509,0.46124112606048584,3.511232852935791,0.0,0.42884618043899536,0.31862083077430725,0.336901992559433,17.286677360534668,8.973305702209473,0.7553123235702515,0.0,0.0,0.8207475543022156,48060.49980018707,0.021494209533557296,0.03151022270321846,0.895163506269455,5e-05,0.07758152112364769,0.08560135960578918,4.620595455169678,44.14029121398926,0.2510475218296051,0.0016876932932063937,0.3727056682109833,0.0,0.0,0.0,0.0,1.0,81505.0,1.6958833207182082,0.0010632348130457103,0.0013001152547076344,0.0011874016490764916,0.16401560604572296,0.0010279229609295726,0.0012652750592678785,0.0011533090146258473,0.16373944282531738,0.008159126155078411,0.016143525950610638,-2.7788407802581787,-9.543553829193115,0.4,0.37797620750608896,1.626203694417672,0.02194454132759528,15.330677496467072,0.3517957329750061,0.24468767642974854,1.8345101734122287,True
83000,100,82010,83000,0.17970717698335648,1.852630853652954,5.830505132675171,0.494086816906929,0.07666753977537155,0.7154037356376648,0.0005708554235752672,0.0002430401582387276,0.007801060797646642,0.0061215057503432035,1.0,2640160.0,13.846033573150635,8.142410278320312,0.641600489616394,0.0,0.018642998300492764,0.7488175928592682,0.2683131694793701,0.2811324894428253,0.65625,21.0,8.0,4.0,2.0,2.0,0.42416588962078094,0.003331627114675939,0.7894737124443054,0.0,0.0,0.462859570980072,0.23958246409893036,0.32200828194618225,0.4610226899385452,3.555535912513733,0.0,0.4299105554819107,0.31913697719573975,0.3396233320236206,17.158802032470703,9.037541389465332,0.7583194971084595,0.0,0.0,0.8282575905323029,48627.98093407042,0.021867794217541814,0.032194267958402634,0.8965514004230499,5e-05,0.07817956805229187,0.08543882519006729,4.6287596225738525,43.717567443847656,0.25161410868167877,0.001653914398048073,0.3720068782567978,0.0,0.0,0.0,0.0,1.0,82505.0,1.6966393637996242,0.0010449958499521017,0.0012881995644420385,0.0011723152711056173,0.1646411269903183,0.001009581086691469,0.0012567205121740699,0.0011389929568395019,0.16434408724308014,0.008141436148434877,0.016139558516442776,-2.8203725814819336,-9.62897539138794,0.4090909090909091,0.37797620750608896,1.6399053845587837,0.021749746755057593,15.47770693699218,0.35839951038360596,0.24168050289154053,1.8425744721667057,True
84000,100,83010,84000,0.17680299282073975,1.8661922812461853,5.845968008041382,0.4889441132545471,0.07663261517882347,0.7177307307720184,0.00042360450606793165,0.00017643219325691462,0.00786557886749506,0.006184868747368455,1.0,2672160.0,13.846033573150635,8.181422710418701,0.6394676864147186,0.0,0.019434311427176,0.7374655604362488,0.25548188388347626,0.2647106498479843,0.625,20.0,8.0,4.0,2.0,2.0,0.44847695529460907,0.004219028167426586,0.8153409361839294,0.0,0.0,0.46103477478027344,0.24956819415092468,0.33107317984104156,0.4629402458667755,3.5617319345474243,0.0,0.43101730942726135,0.32039494812488556,0.33729255199432373,17.307336807250977,9.192523956298828,0.7608310580253601,0.0,0.0,0.8412043452262878,49198.581657059025,0.021368973422795534,0.031220520846545696,0.9052111506462097,5e-05,0.07802640646696091,0.08220301568508148,4.656965970993042,43.21723747253418,0.24270834028720856,0.0016579402144998312,0.37441256642341614,0.0,0.0,0.0,0.0,1.0,83505.0,1.697315550652347,0.0010436209850013256,0.001284708094317466,0.0011744825751520693,0.16316480934619904,0.0010036273743025959,0.0012521804310381413,0.0011356062605045736,0.16284610331058502,0.008136424701660872,0.01613701693713665,-2.7569098472595215,-9.507490634918213,0.4090909090909091,0.40000001192092893,1.6484658494803526,0.021932345459921336,15.941658307289128,0.36053231358528137,0.2391689419746399,1.8376594914635407,True
85000,100,84010,85000,0.17748290300369263,1.8629867434501648,5.834927558898926,0.49091780185699463,0.0766310952603817,0.7166761755943298,0.0004213826614432037,0.00017714167915983126,0.007917770650237799,0.006247963290661573,1.0,2704160.0,13.846033573150635,8.565226554870605,0.659673660993576,0.0,0.019354398362338543,0.7831161022186279,0.2545133978128433,0.26937440037727356,0.625,20.0,8.0,4.0,2.0,2.0,0.4659722298383713,0.004052038537338376,0.7958333194255829,0.0,0.0,0.46016666293144226,0.23629913479089737,0.3371244966983795,0.45655928552150726,3.559343457221985,0.0,0.42299404740333557,0.3097187280654907,0.32470379769802094,17.74102783203125,9.209362983703613,0.7653143405914307,0.0,0.0,0.8437768816947937,49788.587235185085,0.021672281436622143,0.028086833655834198,0.9057912826538086,5e-05,0.0782574713230133,0.08476893231272697,4.528401136398315,41.18431091308594,0.24875710904598236,0.001604031422175467,0.3718179762363434,0.0,0.0,0.0,0.0,1.0,84505.0,1.6974641410956048,0.0010873128194361925,0.0013492514262907207,0.001226677093654871,0.16379860043525696,0.0010509082931093872,0.001328064943663776,0.0011973411892540753,0.16353368759155273,0.008168245665729046,0.016140738502144814,-2.8200647830963135,-9.597249507904053,0.4,0.38278389533797463,1.6213149650574756,0.020831537241955023,15.7712973688392,0.34032633900642395,0.23468565940856934,1.7987472308144072,True
86000,100,85010,86000,0.18049397319555283,1.8501375317573547,5.768168687820435,0.49619047343730927,0.07579820975661278,0.7146205008029938,0.0006326447182800621,0.000267989540589042,0.007960191927850246,0.006303958594799042,1.0,2736160.0,13.846033573150635,8.458091735839844,0.6626022458076477,0.0,0.019319294951856136,0.7738184630870819,0.2766217589378357,0.28313446044921875,0.65625,21.0,8.0,4.0,2.0,2.0,0.4577144980430603,0.003612342174164951,0.782608687877655,0.0,0.0,0.4550819545984268,0.24151628464460373,0.3259590417146683,0.4483494162559509,3.5749868154525757,0.0,0.4116649776697159,0.29979434609413147,0.3174944818019867,17.601030349731445,9.09318494796753,0.7474848031997681,0.0,0.0,0.8311638236045837,50358.93104955042,0.021543119568377733,0.03286483697593212,0.9057793021202087,5e-05,0.07739219442009926,0.08803919330239296,4.469721078872681,40.70207595825195,0.26121261715888977,0.0015710650477558374,0.3698585331439972,0.0,0.0,0.0,0.0,1.0,85505.0,1.69791236765565,0.0011409877915866673,0.0014064513961784542,0.0012958236620761454,0.1615610048174858,0.0011020100791938603,0.0013676165835931897,0.0012544465716928244,0.16128721088171005,0.008143653627485037,0.016133376397192478,-2.880145788192749,-9.504920482635498,0.391304347826087,0.3684210698855551,1.6149285943834073,0.020294654376015853,15.581997256723511,0.3373977541923523,0.25251519680023193,1.830696437838576,True
87000,100,86010,87000,0.1802484095096588,1.846727192401886,5.753992557525635,0.4961893707513809,0.07545332610607147,0.7137468457221985,0.0005889515450689942,0.00030891894130036235,0.007899031043052673,0.006263701943680644,1.0,2768160.0,13.846033573150635,8.211975574493408,0.6576833724975586,0.0,0.019225293770432472,0.7594200074672699,0.2653764933347702,0.2752843052148819,0.65625,21.0,8.0,4.0,2.0,2.0,0.4895303249359131,0.0040580525528639555,0.782608687877655,0.0,0.0,0.4499746412038803,0.24394234269857407,0.29847855865955353,0.4462547153234482,3.6065704822540283,0.0,0.4135909229516983,0.30335624516010284,0.32208144664764404,17.062190055847168,8.951685428619385,0.7495091259479523,0.0,0.0,0.8208287060260773,50917.619253285,0.02152510522864759,0.030705757439136505,0.9022465944290161,5e-05,0.07695027068257332,0.08783821389079094,4.489088535308838,40.505441665649414,0.2571191191673279,0.0015650434652343392,0.3703438341617584,0.0,0.0,0.0,0.0,1.0,86505.0,1.6989206337853437,0.0011204973561689258,0.0014065324794501066,0.0012922519235871732,0.1622069627046585,0.0010855751461349428,0.0013691718340851367,0.0012517828145064414,0.16196516901254654,0.008152844849973917,0.016144833527505398,-2.834853410720825,-9.493168354034424,0.4,0.3779762060869308,1.6145670856980807,0.020563802601411333,15.44058446556016,0.3423166275024414,0.25049087405204773,1.8206111857106753,True
88000,100,87010,88000,0.17830552905797958,1.8535608053207397,5.788395404815674,0.49245163798332214,0.07579369097948074,0.716078519821167,0.0005496173689607531,0.00026409288693685085,0.007960017770528793,0.0062891654670238495,1.0,2800160.0,13.846033573150635,8.194242000579834,0.674804151058197,0.0,0.019708579406142235,0.7597277164459229,0.24312260001897812,0.25953200459480286,0.6875,22.0,8.0,4.0,2.0,2.0,0.4954964816570282,0.0044041965156793594,0.7905701994895935,0.0,0.0,0.45233026146888733,0.242658369243145,0.30683116614818573,0.4444879740476608,3.6318737268447876,0.0,0.41480493545532227,0.30325546860694885,0.32304854691028595,17.262821197509766,9.109366416931152,0.7659741342067719,0.0,0.0,0.833730012178421,51479.70007403451,0.02169111091643572,0.03344898112118244,0.911212831735611,5e-05,0.07739018648862839,0.08555729687213898,4.486333131790161,40.247337341308594,0.24750763922929764,0.0015404139994643629,0.37433500587940216,0.0,0.0,0.0,0.0,1.0,87505.0,1.6997962270780778,0.0011400505900382996,0.001411647128406912,0.0013047875254414976,0.16086173802614212,0.0011027068831026554,0.0013656157534569502,0.0012621377245523036,0.16052830964326859,0.008131098002195358,0.0161418030038476,-2.711298108100891,-9.594998359680176,0.4090909090909091,0.39565217044042506,1.6214803111043565,0.020521227206508896,15.65916046375979,0.325195848941803,0.23402586579322815,1.8617846854389022,True
89000,100,88010,89000,0.17751915752887726,1.8536084294319153,5.786447525024414,0.4912935048341751,0.07579710334539413,0.7163264155387878,0.0005423708935268223,0.00019108419655822217,0.007926023565232754,0.006258713314309716,1.0,2832160.0,13.846033573150635,8.315969467163086,0.6591318845748901,0.0,0.019874554127454758,0.7568477690219879,0.23244231194257736,0.2445845603942871,0.65625,21.0,8.0,4.0,2.0,2.0,0.4944578558206558,0.00374422047752887,0.7999999821186066,0.0,0.0,0.4517783969640732,0.24539342522621155,0.32313910126686096,0.44765736162662506,3.628033399581909,0.0,0.41430750489234924,0.30431079864501953,0.3217392712831497,17.551977157592773,9.152693748474121,0.7662152051925659,0.0,0.0,0.8423039615154266,52045.444291539025,0.021548006450757384,0.028660353273153305,0.9123750329017639,5e-05,0.07731714099645615,0.08467834442853928,4.421594619750977,39.33955001831055,0.254836305975914,0.0014989038463681936,0.372794508934021,0.0,0.0,0.0,0.0,1.0,88505.0,1.7005461172067284,0.001133807236328721,0.0013898990000598133,0.0012800892582163215,0.16267160326242447,0.0010971750016324222,0.0013565663248300552,0.0012432890362106264,0.16236230731010437,0.008150567300617695,0.016137534752488136,-3.18808913230896,-9.66770601272583,0.38095238095238093,0.40000001192092893,1.6333138552030917,0.019707746129212333,15.941151642542664,0.34086811542510986,0.23378479480743408,1.9002628693676458,True
90000,100,89010,90000,0.18367525935173035,1.835883915424347,5.7103002071380615,0.5023122727870941,0.07482190802693367,0.7106219530105591,0.0007584843260701746,0.00030214917205739766,0.007969500962644815,0.006252777297049761,1.0,2864160.0,13.846033573150635,7.934250831604004,0.6276438236236572,0.0,0.0200252216309309,0.73235684633255,0.24840258806943893,0.2601725906133652,0.640625,20.5,8.0,4.0,2.0,2.0,0.4655468463897705,0.00412453175522387,0.7860412001609802,0.0,0.0,0.4634958654642105,0.2574329674243927,0.3260899484157562,0.4590432941913605,3.637568235397339,0.0,0.42448458075523376,0.3089469224214554,0.32683053612709045,16.465526580810547,8.591129302978516,0.7530653476715088,0.0,0.0,0.7855314314365387,52609.25218637008,0.02125023864209652,0.03223387151956558,0.9012501239776611,5e-05,0.07657502591609955,0.08786764740943909,4.546731233596802,42.19647216796875,0.2524980306625366,0.0016502162325195968,0.37372109293937683,0.0,0.0,0.0,0.0,1.0,89505.0,1.7013167124696669,0.001130620134063065,0.0013838548911735415,0.0012649521231651306,0.16595175117254257,0.0011019361554645002,0.0013548910501413047,0.0012362098786979914,0.16571082919836044,0.008131111040711403,0.016135948710143566,-3.499446153640747,-9.59358549118042,0.3888888888888889,0.41042783983888476,1.6592578190956857,0.021504789898611272,15.98771879911705,0.3723561763763428,0.2469346523284912,1.8308394310258502,True
91000,100,90010,91000,0.18177298456430435,1.8258419036865234,5.670102119445801,0.5012140572071075,0.07440008595585823,0.7109329104423523,0.0007111186860129237,0.0003586474485928193,0.007963655050843954,0.006219125352799892,1.0,2896160.0,13.846033573150635,8.140429019927979,0.6317800283432007,0.0,0.020208456553518772,0.7447747588157654,0.2414650321006775,0.25068163126707077,0.65625,21.0,8.0,4.0,2.0,2.0,0.4810589402914047,0.003397838561795652,0.7905701994895935,0.0,0.0,0.46372397243976593,0.25675830245018005,0.3236018121242523,0.4586494415998459,3.6536202430725098,0.0,0.42627428472042084,0.30917228758335114,0.3258623778820038,16.714821815490723,8.742378234863281,0.757831484079361,0.0,0.0,0.7939335703849792,53189.54398224852,0.021431179018691182,0.030580289661884308,0.9029146730899811,5e-05,0.07609405741095543,0.08828535676002502,4.628090858459473,44.656700134277344,0.2578340768814087,0.001684805320110172,0.37527747452259064,0.0,0.0,0.0,0.0,1.0,90505.0,1.7015526601419215,0.0011132502113468945,0.0013668714091181755,0.0012469080975279212,0.16662896424531937,0.0010824421769939363,0.001342893170658499,0.0012163149658590555,0.166389562189579,0.00815140176564455,0.016131725162267685,-3.4739105701446533,-9.714747905731201,0.3888888888888889,0.4000000715255737,1.6664635877201874,0.02234585418751853,15.492410796974937,0.3682199716567993,0.24216851592063904,1.8131068214965027,True
92000,100,91010,92000,0.18179310858249664,1.835810124874115,5.710530757904053,0.4996708631515503,0.07470410317182541,0.713178962469101,0.0006981866899877787,0.0002894196950364858,0.007974505890160799,0.006214689230546355,1.0,2928160.0,13.846033573150635,8.201054096221924,0.6271469295024872,0.0,0.02029730100184679,0.7576904296875,0.24149785190820694,0.25545477867126465,0.625,20.0,8.0,4.0,2.0,2.0,0.491346150636673,0.003976563923060894,0.7894737124443054,0.0,0.0,0.4631430059671402,0.24794525653123856,0.31372174620628357,0.4553677886724472,3.676248550415039,0.0,0.4284432381391525,0.31288494169712067,0.32742856442928314,17.12268829345703,8.924968719482422,0.7619614899158478,0.0,0.0,0.8173886835575104,53759.649514450924,0.021722777048125863,0.030499503016471863,0.9100930690765381,5e-05,0.07618846371769905,0.0874660350382328,4.566277503967285,42.68084907531738,0.25556521117687225,0.0016390784294344485,0.3741292357444763,0.0,0.0,0.0,0.0,1.0,91505.0,1.702104121941212,0.0011292903800494969,0.001377810025587678,0.0012601085472851992,0.16578631848096848,0.001098069129511714,0.0013491391437128186,0.0012306395219638944,0.1655196025967598,0.008178174030035734,0.01613770332187414,-3.4657803773880005,-9.520508289337158,0.3888888888888889,0.41421571315503586,1.6706291728194032,0.021099677753059314,16.360966279920753,0.3728530704975128,0.23803851008415222,1.8754975742172177,True
93000,100,92010,93000,0.17839568853378296,1.8508589267730713,5.740367650985718,0.4946911484003067,0.07499120756983757,0.7152364552021027,0.00047519110376015306,0.00021771618776256219,0.007986001670360565,0.006191107910126448,1.0,2960160.0,13.846033573150635,7.883905649185181,0.6056335866451263,0.0,0.020113712176680565,0.7286156415939331,0.2392682582139969,0.25054165720939636,0.625,20.0,8.0,4.0,2.0,2.0,0.48396822810173035,0.0034371219808235765,0.800000011920929,0.0,0.0,0.46126675605773926,0.24341470003128052,0.3122808039188385,0.449773445725441,3.6865768432617188,0.0,0.42306943237781525,0.30907733738422394,0.3261648416519165,16.70208168029785,8.973514556884766,0.7591221034526825,0.0,0.0,0.8257160484790802,54329.29513443448,0.021299351938068867,0.029399809427559376,0.9135490357875824,5e-05,0.07647325098514557,0.08640408515930176,4.542018175125122,41.91029739379883,0.24875520169734955,0.001621908857487142,0.3781694769859314,0.0,0.0,0.0,0.0,1.0,92505.0,1.7026951518987135,0.0011158508132211864,0.0013644560822285712,0.0012505421764217317,0.16618500649929047,0.0010814088745974004,0.0013381586759351194,0.0012189530534669757,0.16590950638055801,0.00815599411725998,0.016140767373144627,-3.4942474365234375,-9.67072343826294,0.3888888888888889,0.41042783983888476,1.6585468941602066,0.021060877619284768,16.23601495382396,0.39436641335487366,0.2408778965473175,1.8479530924701044,True
94000,100,93010,94000,0.1791526898741722,1.8622612357139587,5.8070878982543945,0.49094969034194946,0.07619135826826096,0.7166706323623657,0.00040745096339378506,0.00022355805413099006,0.007760883308947086,0.006294302176684141,1.0,2992160.0,13.846033573150635,8.555175304412842,0.6893554031848907,0.0,0.019535462372004986,0.7847433388233185,0.24148224294185638,0.250664658844471,0.625,20.0,8.0,4.0,2.0,2.0,0.5349313914775848,0.004049316048622131,0.75,0.0,0.0,0.4458446055650711,0.2432006299495697,0.31012406945228577,0.44480396807193756,3.690621018409729,0.0,0.42444908618927,0.30726607143878937,0.32236531376838684,17.672189712524414,9.160988807678223,0.7622717618942261,0.0,0.0,0.8390867412090302,54951.73720401153,0.02133389445953071,0.029108835384249687,0.9354473054409027,5e-05,0.07777503877878189,0.08571283146739006,4.568633079528809,41.61123085021973,0.2505580335855484,0.0016092974692583084,0.3738051503896713,0.0,0.0,0.0,0.0,1.0,93505.0,1.7020277624875346,0.001067789038643241,0.0013751115184277296,0.0012319727684371173,0.16609609872102737,0.0010392508702352643,0.0013517137267626822,0.0012065934715792537,0.16585180163383484,0.008153646253049374,0.01614982821047306,-3.5883690118789673,-9.86701774597168,0.38461538461538464,0.36363640156659216,1.64373511932299,0.020739920605760805,16.547883593665325,0.31064459681510925,0.23772823810577393,1.8163884108313053,True
95000,100,94010,95000,0.17921148985624313,1.8602807521820068,5.795664072036743,0.4910419285297394,0.07605260238051414,0.7168862223625183,0.0004582716210279614,0.0002220037713414058,0.007812839932739735,0.006174975074827671,1.0,3024160.0,13.846033573150635,8.467092037200928,0.6828413009643555,0.0,0.01905011758208275,0.7764628827571869,0.24628150463104248,0.2605755627155304,0.625,20.0,8.0,4.0,2.0,2.0,0.522163599729538,0.0031467213993892074,0.75,0.0,0.0,0.4479506015777588,0.24524817615747452,0.29780590534210205,0.44518570601940155,3.7066872119903564,0.0,0.4236676096916199,0.30819785594940186,0.32410046458244324,17.62752914428711,9.228013038635254,0.75703364610672,0.0,0.0,0.8503611385822296,55523.12778855907,0.02134249499067664,0.030687198974192142,0.9394564032554626,5e-05,0.0776323564350605,0.0867435559630394,4.559129953384399,41.99363899230957,0.2533838599920273,0.0016310724313370883,0.3741297423839569,0.0,0.0,0.0,0.0,1.0,94505.0,1.7020835057333614,0.0010691312490962446,0.0013650617911480367,0.0012298927758820355,0.16608111560344696,0.0010429838439449668,0.0013391231186687946,0.0012042410671710968,0.1657746285200119,0.008124398067593575,0.016135049983859062,-3.6613080501556396,-9.866567134857178,0.38461538461538464,0.3779762060869308,1.6471755664538072,0.0207754284354474,15.934717373048217,0.31715869903564453,0.24296635389328003,1.8060124269837514,True
96000,100,95010,96000,0.17923865467309952,1.8536850810050964,5.799000263214111,0.4938051104545593,0.07608563080430031,0.7158363163471222,0.0003972954145865515,0.00022509004338644445,0.007801254978403449,0.006208392092958093,1.0,3056160.0,13.846033573150635,8.347537517547607,0.6670806705951691,0.0,0.01884950790554285,0.766625702381134,0.2282964065670967,0.2463368996977806,0.625,20.0,8.0,4.0,2.0,2.0,0.5203066468238831,0.003061019815504551,0.7573529481887817,0.0,0.0,0.4441169202327728,0.24801559001207352,0.30390746891498566,0.4453427791595459,3.712136387825012,0.0,0.4260263442993164,0.30900895595550537,0.32717855274677277,17.458984375,9.198511123657227,0.770189106464386,0.0,0.0,0.839722603559494,56086.90050169965,0.021169361658394337,0.02786638494580984,0.9350581467151642,5e-05,0.0777762196958065,0.08462078869342804,4.571763515472412,42.486839294433594,0.24769345670938492,0.001621417875867337,0.37774036824703217,0.0,0.0,0.0,0.0,1.0,95505.0,1.7028040259122736,0.0010792058892548084,0.0013733322848565876,0.0012338629458099604,0.16621094197034836,0.001048387202899903,0.0013488463591784239,0.0012064299662597477,0.16590578109025955,0.008145976811647415,0.01613734383136034,-3.6790438890457153,-9.86388349533081,0.391304347826087,0.36363639343868603,1.6537135342778377,0.02056872083918998,16.265575568858907,0.33291932940483093,0.229810893535614,1.8500597569285522,True
97000,100,96010,97000,0.17721889168024063,1.8728100061416626,5.858811140060425,0.4904068112373352,0.07692112773656845,0.7174049615859985,0.0003876657137880102,0.00018284796533407643,0.007818122394382954,0.00620606099255383,1.0,3088160.0,13.846033573150635,8.494625568389893,0.6766731441020966,0.0,0.01923014596104622,0.7846510708332062,0.22598480433225632,0.2376699149608612,0.625,20.0,8.0,4.0,2.0,2.0,0.5216271579265594,0.003296144655905664,0.7445652186870575,0.0,0.0,0.44595959782600403,0.24588540196418762,0.3112744241952896,0.4484846740961075,3.7212623357772827,0.0,0.42771539092063904,0.31009915471076965,0.3281289339065552,17.886476516723633,9.257128238677979,0.7755086421966553,0.0,0.0,0.8524259924888611,56652.73321255646,0.02117459662258625,0.02791822049766779,0.936980277299881,5e-05,0.07840476185083389,0.0827752985060215,4.607373237609863,43.47708320617676,0.24744898080825806,0.0016451754490844905,0.38045357167720795,0.0,0.0,0.0,0.0,1.0,96505.0,1.7034060282940455,0.0010721113067120314,0.0013816426508128643,0.0012407873291522264,0.16737712919712067,0.001040350878611207,0.0013549388968385756,0.0012141496990807354,0.16710662096738815,0.008146234788000584,0.016135704703629017,-3.6503748893737793,-9.87698745727539,0.3888888888888889,0.36363639343868603,1.6632255884921712,0.021135985669521806,16.18933909088733,0.32332685589790344,0.22449135780334473,1.8315503784322629,True
98000,100,97010,98000,0.17858339101076126,1.863495409488678,5.831311464309692,0.491858646273613,0.0761895701289177,0.7166517972946167,0.00043874786933884025,0.00015718549548182636,0.007827752735465765,0.006243654992431402,1.0,3120160.0,13.846033573150635,8.024219989776611,0.6602256298065186,0.0,0.018720910884439945,0.7225740253925323,0.23542499542236328,0.24252664297819138,0.65625,21.0,8.0,4.0,2.0,2.0,0.4934777617454529,0.002351966337300837,0.7841615080833435,0.0,0.0,0.4443819373846054,0.24783455580472946,0.31561288237571716,0.4440484493970871,3.7275344133377075,0.0,0.4277196675539017,0.3107152134180069,0.3319150358438492,16.903833389282227,8.896013259887695,0.7677896022796631,0.0,0.0,0.8114995956420898,57237.34907838842,0.021840735338628292,0.029462052509188652,0.9279472529888153,5e-05,0.07798781618475914,0.0844966433942318,4.625035524368286,42.53655242919922,0.24836482107639313,0.0016327491612173617,0.3781482130289078,0.0,0.0,0.0,0.0,1.0,97505.0,1.703525228516451,0.00110033800592646,0.0013645520084537566,0.0012499550939537585,0.16417791694402695,0.0010579252848401666,0.001320668205153197,0.0012011787621304393,0.1639290377497673,0.008148017339408398,0.01614443212747574,-3.387062430381775,-9.609273910522461,0.38095238095238093,0.40000001192092893,1.657523046501904,0.021137220142379943,16.153103501088566,0.33977437019348145,0.23221039772033691,1.829445124706769,True
99000,59,98010,98590,0.18142160773277283,1.834431529045105,5.697932720184326,0.4997832179069519,0.07472221553325653,0.712103009223938,0.0006309421733021736,0.0002601696760393679,0.007882794365286827,0.006239340640604496,1.0,3145600.0,13.846033573150635,7.463476181030273,0.6435080766677856,0.0,0.01760927215218544,0.6874447464942932,0.2759121060371399,0.28126075863838196,0.65625,21.0,8.0,4.0,2.0,2.0,0.4515129029750824,0.0009191593853756785,0.800000011920929,0.0,0.0,0.4524739682674408,0.2537183463573456,0.3240329325199127,0.44881024956703186,3.735908269882202,0.0,0.4323663115501404,0.318206250667572,0.33312731981277466,15.816877365112305,8.228414535522461,0.7368147969245911,0.0,0.0,0.749212384223938,57746.98029117007,0.021254659164696932,0.030650688335299492,0.9086704254150391,5e-05,0.07644539326429367,0.08727134019136429,4.501090049743652,41.645713806152344,0.2554209232330322,0.0015826508169993758,0.37486913800239563,0.0,0.0,0.0,0.0,1.0,98300.0,1.7022401412846988,0.0011157810222357512,0.0013713748194277287,0.0012599905021488667,0.16494791209697723,0.0010775085538625717,0.0013213066849857569,0.0012092806864529848,0.16462373733520508,0.008168318308889866,0.016140123829245567,-3.39418888092041,-9.575664520263672,0.4,0.4117647128946641,1.679659950160712,0.02057604316790421,15.530109208021802,0.35649192333221436,0.26318520307540894,1.4635546934117694,False
